,NMFS.Tracking.Number,count
1,AKR-2003-1127,2
2,AKR-2005-2040,2
3,AKR-2005-2042,2
4,AKR-2005-3088,2
5,AKR-2005-3841,2
6,AKR-2005-3844,2
7,AKR-2005-3849,2
8,AKR-2005-3851,2
9,AKR-2005-408,2
10,AKR-2005-598,2
11,AKR-2005-599,2
12,AKR-2005-6075,2
13,AKR-2005-6076,2
14,AKR-2005-6077,2
15,AKR-2005-6078,2
16,AKR-2005-6079,2
17,AKR-2006-241,2
18,AKR-2006-5796,2
19,AKR-2007-6372,2
20,AKR-2009-4114,2
21,AKR-2009-5225,2
22,FHC-2005-7167,2
23,NER-2006-2251,2
24,NER-2006-2252,2
25,NER-2006-2271,2
26,NER-2006-2765,2
27,NER-2006-2766,2
28,NER-2006-4150,2
29,NER-2007-2179,2
30,NER-2008-3735,2
31,NER-2008-8783,2
32,NER-2008-8784,2
33,NER-2008-8909,2
34,NER-2009-1467,2
35,NER-2009-2122,2
36,NER-2009-2135,2
37,NER-2009-4923,2
38,NER-2009-4925,2
39,NER-2009-5038,2
40,NER-2010-429,2
41,NER-2010-5554,2
42,NER-2010-6514,2
43,NER-2011-546,2
44,NWR-2000-1464,2
45,NWR-2000-1485,2
46,NWR-2001-1069,2
47,NWR-2001-1454,2
48,NWR-2001-466,2
49,NWR-2001-745,2
50,NWR-2001-899,2
51,NWR-2002-1086,2
52,NWR-2002-1218,2
53,NWR-2002-1277,2
54,NWR-2002-1279,2
55,NWR-2002-1288,2
56,NWR-2002-1920,2
57,NWR-2002-1957,2
58,NWR-2002-612,2
59,NWR-2002-673,2
60,NWR-2002-681,2
61,NWR-2002-779,2
62,NWR-2003-1397,2
63,NWR-2003-185,2
64,NWR-2003-238,2
65,NWR-2003-319,2
66,NWR-2003-790,2
67,NWR-2003-791,2
68,NWR-2003-793,2
69,NWR-2003-877,2
70,NWR-2003-88,2
71,NWR-2004-1050,2
72,NWR-2004-1877,2
73,NWR-2004-1968,2
74,NWR-2005-103,2
75,NWR-2005-193,2
76,NWR-2005-2066,2
77,NWR-2005-2786,2
78,NWR-2005-3836,2
79,NWR-2005-3868,2
80,NWR-2005-4087,2
81,NWR-2005-4095,2
82,NWR-2005-4218,2
83,NWR-2005-4486,2
84,NWR-2005-4526,2
85,NWR-2005-4534,2
86,NWR-2005-5498,2
87,NWR-2005-5499,2
88,NWR-2005-5500,2
89,NWR-2005-553,2
90,NWR-2005-554,2
91,NWR-2005-558,2
92,NWR-2005-559,2
93,NWR-2005-560,2
94,NWR-2005-561,2
95,NWR-2005-5783,2
96,NWR-2005-5894,2
97,NWR-2005-5907,2
98,NWR-2005-5909,2
99,NWR-2005-5976,2
100,NWR-2005-6157,2
101,NWR-2005-6825,2
102,NWR-2005-7050,2
103,NWR-2005-7187,2
104,NWR-2006-2600,2
105,NWR-2006-3177,2
106,NWR-2006-325,2
107,NWR-2006-3318,2
108,NWR-2006-3608,2
109,NWR-2006-5179,2
110,NWR-2006-6862,2
111,NWR-2007-2966,2
112,NWR-2007-7070,2
113,NWR-2007-9077,2
114,NWR-2007-9114,2
115,NWR-2007-9145,2
116,NWR-2008-124,2
117,NWR-2008-3739,2
118,NWR-2008-6491,2
119,NWR-2008-6695,2
120,NWR-2008-7526,2
121,NWR-2008-7668,2
122,NWR-2008-9012,2
123,NWR-2008-9162,2
124,NWR-2009-1306,2
125,NWR-2009-1524,2
126,NWR-2009-2004,2
127,NWR-2009-2070,2
128,NWR-2009-2579,2
129,NWR-2009-2583,2
130,NWR-2009-2964,2
131,NWR-2009-3391,2
132,NWR-2009-5207,2
133,NWR-2009-5254,2
134,NWR-2009-5542,2
135,NWR-2009-6774,2
136,NWR-2009-6775,2
137,NWR-2009-7212,2
138,NWR-2009-957,2
139,NWR-2010-2404,2
140,NWR-2010-2405,2
141,NWR-2010-2476,2
142,NWR-2010-259,2
143,NWR-2010-2942,2
144,NWR-2010-3252,2
145,NWR-2010-3352,2
146,NWR-2010-3515,2
147,NWR-2010-4047,2
148,NWR-2010-4710,2
149,NWR-2010-4713,2
150,NWR-2010-4714,2
151,NWR-2010-4715,2
152,NWR-2010-4716,2
153,NWR-2010-5165,2
154,NWR-2010-5371,2
155,NWR-2010-5372,2
156,NWR-2010-5374,2
157,NWR-2010-5486,2
158,NWR-2010-5757,2
159,NWR-2010-5758,2
160,NWR-2010-5765,2
161,NWR-2010-5771,2
162,NWR-2010-5916,2
163,NWR-2010-5918,2
164,NWR-2010-6071,2
165,NWR-2010-6582,2
166,NWR-2010-829,2
167,NWR-2010-956,2
168,NWR-2011-1555,2
169,NWR-2011-1556,2
170,NWR-2011-168,2
171,NWR-2011-18,2
172,NWR-2011-2000,2
173,NWR-2011-2364,2
174,NWR-2011-2623,2
175,NWR-2011-308,2
176,NWR-2011-3760,2
177,NWR-2011-384,2
178,NWR-2011-3888,2
179,NWR-2011-4337,2
180,NWR-2011-4340,2
181,NWR-2011-4343,2
182,NWR-2011-4833,2
183,NWR-2011-550,2
184,NWR-2011-5954,2
185,NWR-2011-6531,2
186,NWR-2011-6533,2
187,NWR-2011-6554,2
188,NWR-2011-875,2
189,NWR-2012-1416,2
190,NWR-2012-1756,2
191,NWR-2012-2642,2
192,NWR-2012-3464,2
193,NWR-2012-413,2
194,PIR-2006-1117,2
195,PIR-2006-1231,2
196,PIR-2006-1238,2
197,PIR-2006-3999,2
198,SER-2006-1146,2
199,SER-2006-6843,2
200,SER-2006-7049,2
201,SER-2007-1606,2
202,SER-2007-1814,2
203,SER-2007-2456,2
204,SER-2007-8536,2
205,SER-2008-1347,2
206,SER-2009-3032,2
207,SER-2011-426,2
208,SER-2012-1694,2
209,SWR-1995-125,2
210,SWR-1999-2353,2
211,SWR-2000-1975,2
212,SWR-2001-2333,2
213,SWR-2001-2975,2
214,SWR-2001-2995,2
215,SWR-2001-3000,2
216,SWR-2002-1467,2
217,SWR-2002-1475,2
218,SWR-2002-1480,2
219,SWR-2002-1484,2
220,SWR-2002-1492,2
221,SWR-2002-1514,2
222,SWR-2002-1518,2
223,SWR-2002-1531,2
224,SWR-2002-1563,2
225,SWR-2002-1564,2
226,SWR-2002-1565,2
227,SWR-2002-1566,2
228,SWR-2002-1573,2
229,SWR-2002-1581,2
230,SWR-2002-1803,2
231,SWR-2002-2691,2
232,SWR-2002-2736,2
233,SWR-2002-2737,2
234,SWR-2003-1839,2
235,SWR-2003-1841,2
236,SWR-2003-1846,2
237,SWR-2003-1847,2
238,SWR-2003-1848,2
239,SWR-2003-1857,2
240,SWR-2003-1861,2
241,SWR-2003-1867,2
242,SWR-2003-1868,2
243,SWR-2003-1882,2
244,SWR-2003-1884,2
245,SWR-2003-1887,2
246,SWR-2003-1889,2
247,SWR-2003-1892,2
248,SWR-2003-1913,2
249,SWR-2003-1916,2
250,SWR-2003-1917,2
251,SWR-2003-1937,2
252,SWR-2003-1940,2
253,SWR-2003-1943,2
254,SWR-2003-1951,2
255,SWR-2003-1957,2
256,SWR-2003-1963,2
257,SWR-2003-1969,2
258,SWR-2003-1977,2
259,SWR-2003-1979,2
260,SWR-2003-1980,2
261,SWR-2003-1984,2
262,SWR-2003-2328,2
263,SWR-2003-2421,2
264,SWR-2003-2443,2
265,SWR-2003-2452,2
266,SWR-2003-2456,2
267,SWR-2003-2475,2
268,SWR-2004-2294,2
269,SWR-2004-2295,2
270,SWR-2004-2296,2
271,SWR-2004-2503,2
272,SWR-2004-2562,2
273,SWR-2004-2607,2
274,SWR-2004-2667,2
275,SWR-2004-2668,2
276,SWR-2004-2669,2
277,SWR-2004-2670,2
278,SWR-2004-626,2
279,SWR-2004-633,2
280,SWR-2005-2041,2
281,SWR-2005-2067,2
282,SWR-2005-2095,2
283,SWR-2005-2131,2
284,SWR-2005-3037,2
285,SWR-2005-3899,2
286,SWR-2005-3993,2
287,SWR-2005-3994,2
288,SWR-2005-644,2
289,SWR-2005-6597,2
290,SWR-2005-6989,2
291,SWR-2005-6990,2
292,SWR-2005-6991,2
293,SWR-2005-7403,2
294,SWR-2005-7420,2
295,SWR-2005-7537,2
296,SWR-2005-7572,2
297,SWR-2005-7575,2
298,SWR-2005-845,2
299,SWR-2006-2211,2
300,SWR-2006-2220,2
301,SWR-2006-2881,2
302,SWR-2006-3110,2
303,SWR-2006-3191,2
304,SWR-2006-3537,2
305,SWR-2006-3538,2
306,SWR-2006-3539,2
307,SWR-2006-3580,2
308,SWR-2006-363,2
309,SWR-2006-3820,2
310,SWR-2006-3826,2
311,SWR-2006-3828,2
312,SWR-2006-3868,2
313,SWR-2006-3951,2
314,SWR-2006-3996,2
315,SWR-2006-4061,2
316,SWR-2006-4073,2
317,SWR-2006-4078,2
318,SWR-2006-4108,2
319,SWR-2006-4144,2
320,SWR-2006-4156,2
321,SWR-2006-4158,2
322,SWR-2006-4189,2
323,SWR-2006-4344,2
324,SWR-2006-4345,2
325,SWR-2006-4347,2
326,SWR-2006-4367,2
327,SWR-2006-4388,2
328,SWR-2006-4512,2
329,SWR-2006-4513,2
330,SWR-2006-4514,2
331,SWR-2006-4515,2
332,SWR-2006-4519,2
333,SWR-2006-4614,2
334,SWR-2006-4786,2
335,SWR-2006-4800,2
336,SWR-2006-4802,2
337,SWR-2006-4803,2
338,SWR-2006-4804,2
339,SWR-2006-4862,2
340,SWR-2006-4969,2
341,SWR-2006-4970,2
342,SWR-2006-4977,2
343,SWR-2006-4978,2
344,SWR-2006-4992,2
345,SWR-2006-5015,2
346,SWR-2006-5019,2
347,SWR-2006-5020,2
348,SWR-2006-5035,2
349,SWR-2006-5038,2
350,SWR-2006-5041,2
351,SWR-2006-5125,2
352,SWR-2006-5132,2
353,SWR-2006-5134,2
354,SWR-2006-5135,2
355,SWR-2006-5265,2
356,SWR-2006-5266,2
357,SWR-2006-5269,2
358,SWR-2006-5273,2
359,SWR-2006-5439,2
360,SWR-2006-5501,2
361,SWR-2006-5552,2
362,SWR-2006-5553,2
363,SWR-2006-5555,2
364,SWR-2006-5564,2
365,SWR-2006-5595,2
366,SWR-2006-5628,2
367,SWR-2006-5630,2
368,SWR-2006-5633,2
369,SWR-2006-5777,2
370,SWR-2006-5946,2
371,SWR-2006-6091,2
372,SWR-2006-6092,2
373,SWR-2006-6118,2
374,SWR-2006-6152,2
375,SWR-2006-6466,2
376,SWR-2006-6486,2
377,SWR-2006-6487,2
378,SWR-2006-6638,2
379,SWR-2006-6640,2
380,SWR-2006-6643,2
381,SWR-2006-6644,2
382,SWR-2006-6763,2
383,SWR-2006-6822,2
384,SWR-2006-6823,2
385,SWR-2006-6908,2
386,SWR-2006-7003,2
387,SWR-2006-7020,2
388,SWR-2006-7152,2
389,SWR-2006-7266,2
390,SWR-2006-7307,2
391,SWR-2006-7495,2
392,SWR-2006-7592,2
393,SWR-2006-7593,2
394,SWR-2006-7594,2
395,SWR-2006-7606,2
396,SWR-2006-7607,2
397,SWR-2006-7618,2
398,SWR-2006-7621,2
399,SWR-2006-802,2
400,SWR-2007-1010,2
401,SWR-2007-1083,2
402,SWR-2007-1231,2
403,SWR-2007-1354,2
404,SWR-2007-1441,2
405,SWR-2007-1616,2
406,SWR-2007-1732,2
407,SWR-2007-1733,2
408,SWR-2007-1735,2
409,SWR-2007-1805,2
410,SWR-2007-1867,2
411,SWR-2007-1904,2
412,SWR-2007-2103,2
413,SWR-2007-2159,2
414,SWR-2007-2309,2
415,SWR-2007-2310,2
416,SWR-2007-2366,2
417,SWR-2007-2449,2
418,SWR-2007-2457,2
419,SWR-2007-2598,2
420,SWR-2007-2704,2
421,SWR-2007-2841,2
422,SWR-2007-304,2
423,SWR-2007-3378,2
424,SWR-2007-3586,2
425,SWR-2007-368,2
426,SWR-2007-4153,2
427,SWR-2007-4154,2
428,SWR-2007-4155,2
429,SWR-2007-4441,2
430,SWR-2007-4509,2
431,SWR-2007-4625,2
432,SWR-2007-4723,2
433,SWR-2007-4724,2
434,SWR-2007-4737,2
435,SWR-2007-4955,2
436,SWR-2007-4990,2
437,SWR-2007-4992,2
438,SWR-2007-4994,2
439,SWR-2007-4995,2
440,SWR-2007-50,2
441,SWR-2007-5037,2
442,SWR-2007-5043,2
443,SWR-2007-5277,2
444,SWR-2007-5384,2
445,SWR-2007-5512,2
446,SWR-2007-5823,2
447,SWR-2007-5858,2
448,SWR-2007-5859,2
449,SWR-2007-5887,2
450,SWR-2007-5983,2
451,SWR-2007-6,2
452,SWR-2007-6153,2
453,SWR-2007-6165,2
454,SWR-2007-6171,2
455,SWR-2007-6454,2
456,SWR-2007-646,2
457,SWR-2007-6614,2
458,SWR-2007-6615,2
459,SWR-2007-6639,2
460,SWR-2007-6698,2
461,SWR-2007-6705,2
462,SWR-2007-6800,2
463,SWR-2007-6828,2
464,SWR-2007-6857,2
465,SWR-2007-700,2
466,SWR-2007-7110,2
467,SWR-2007-7111,2
468,SWR-2007-7158,2
469,SWR-2007-7298,2
470,SWR-2007-7369,2
471,SWR-2007-7371,2
472,SWR-2007-7372,2
473,SWR-2007-7481,2
474,SWR-2007-7503,2
475,SWR-2007-7544,2
476,SWR-2007-7728,2
477,SWR-2007-7729,2
478,SWR-2007-7794,2
479,SWR-2007-7795,2
480,SWR-2007-7796,2
481,SWR-2007-7876,2
482,SWR-2007-789,2
483,SWR-2007-8411,2
484,SWR-2007-850,2
485,SWR-2007-8980,2
486,SWR-2007-9132,2
487,SWR-2007-9216,2
488,SWR-2007-9222,2
489,SWR-2007-9223,2
490,SWR-2007-9231,2
491,SWR-2007-9235,2
492,SWR-2007-9236,2
493,SWR-2007-9250,2
494,SWR-2007-9251,2
495,SWR-2007-9252,2
496,SWR-2007-9256,2
497,SWR-2007-9258,2
498,SWR-2008-1511,2
499,SWR-2008-1516,2
500,SWR-2008-1826,2
501,SWR-2008-1827,2
502,SWR-2008-1828,2
503,SWR-2008-1921,2
504,SWR-2008-1922,2
505,SWR-2008-1988,2
506,SWR-2008-2008,2
507,SWR-2008-2122,2
508,SWR-2008-2123,2
509,SWR-2008-2290,2
510,SWR-2008-230,2
511,SWR-2008-2426,2
512,SWR-2008-2447,2
513,SWR-2008-2657,2
514,SWR-2008-2687,2
515,SWR-2008-2713,2
516,SWR-2008-2800,2
517,SWR-2008-2955,2
518,SWR-2008-2993,2
519,SWR-2008-3019,2
520,SWR-2008-3051,2
521,SWR-2008-3271,2
522,SWR-2008-3357,2
523,SWR-2008-3387,2
524,SWR-2008-3389,2
525,SWR-2008-3390,2
526,SWR-2008-3394,2
527,SWR-2008-3408,2
528,SWR-2008-3459,2
529,SWR-2008-3646,2
530,SWR-2008-3648,2
531,SWR-2008-3696,2
532,SWR-2008-3831,2
533,SWR-2008-3933,2
534,SWR-2008-3942,2
535,SWR-2008-395,2
536,SWR-2008-396,2
537,SWR-2008-397,2
538,SWR-2008-3971,2
539,SWR-2008-3988,2
540,SWR-2008-401,2
541,SWR-2008-402,2
542,SWR-2008-405,2
543,SWR-2008-4445,2
544,SWR-2008-4488,2
545,SWR-2008-4490,2
546,SWR-2008-4571,2
547,SWR-2008-4682,2
548,SWR-2008-4690,2
549,SWR-2008-474,2
550,SWR-2008-4779,2
551,SWR-2008-4780,2
552,SWR-2008-4803,2
553,SWR-2008-4922,2
554,SWR-2008-4932,2
555,SWR-2008-5033,2
556,SWR-2008-5197,2
557,SWR-2008-5218,2
558,SWR-2008-5348,2
559,SWR-2008-5351,2
560,SWR-2008-5363,2
561,SWR-2008-5435,2
562,SWR-2008-550,2
563,SWR-2008-5505,2
564,SWR-2008-5506,2
565,SWR-2008-555,2
566,SWR-2008-5629,2
567,SWR-2008-564,2
568,SWR-2008-6054,2
569,SWR-2008-6113,2
570,SWR-2008-619,2
571,SWR-2008-6280,2
572,SWR-2008-6350,2
573,SWR-2008-6351,2
574,SWR-2008-6378,2
575,SWR-2008-6379,2
576,SWR-2008-6394,2
577,SWR-2008-647,2
578,SWR-2008-6487,2
579,SWR-2008-6655,2
580,SWR-2008-6675,2
581,SWR-2008-6678,2
582,SWR-2008-6680,2
583,SWR-2008-686,2
584,SWR-2008-6865,2
585,SWR-2008-6977,2
586,SWR-2008-7048,2
587,SWR-2008-7070,2
588,SWR-2008-7097,2
589,SWR-2008-7108,2
590,SWR-2008-7130,2
591,SWR-2008-720,2
592,SWR-2008-7211,2
593,SWR-2008-7235,2
594,SWR-2008-7327,2
595,SWR-2008-7364,2
596,SWR-2008-7370,2
597,SWR-2008-7386,2
598,SWR-2008-7389,2
599,SWR-2008-7553,2
600,SWR-2008-7554,2
601,SWR-2008-7555,2
602,SWR-2008-7756,2
603,SWR-2008-7761,2
604,SWR-2008-7762,2
605,SWR-2008-796,2
606,SWR-2008-8035,2
607,SWR-2008-8105,2
608,SWR-2008-8107,2
609,SWR-2008-8262,2
610,SWR-2008-8338,2
611,SWR-2008-8340,2
612,SWR-2008-8349,2
613,SWR-2008-8696,2
614,SWR-2008-8713,2
615,SWR-2008-8714,2
616,SWR-2008-8853,2
617,SWR-2008-9025,2
618,SWR-2008-9048,2
619,SWR-2008-9136,2
620,SWR-2008-9137,2
621,SWR-2008-9164,2
622,SWR-2008-958,2
623,SWR-2008-990,2
624,SWR-2009-1054,2
625,SWR-2009-1069,2
626,SWR-2009-145,2
627,SWR-2009-1528,2
628,SWR-2009-160,2
629,SWR-2009-1633,2
630,SWR-2009-1634,2
631,SWR-2009-1638,2
632,SWR-2009-1706,2
633,SWR-2009-1707,2
634,SWR-2009-1708,2
635,SWR-2009-1731,2
636,SWR-2009-174,2
637,SWR-2009-1755,2
638,SWR-2009-176,2
639,SWR-2009-1891,2
640,SWR-2009-1905,2
641,SWR-2009-1910,2
642,SWR-2009-1912,2
643,SWR-2009-1995,2
644,SWR-2009-1996,2
645,SWR-2009-1997,2
646,SWR-2009-1998,2
647,SWR-2009-2089,2
648,SWR-2009-2093,2
649,SWR-2009-2096,2
650,SWR-2009-2098,2
651,SWR-2009-2278,2
652,SWR-2009-2279,2
653,SWR-2009-2369,2
654,SWR-2009-2376,2
655,SWR-2009-2390,2
656,SWR-2009-2567,2
657,SWR-2009-2568,2
658,SWR-2009-2569,2
659,SWR-2009-2623,2
660,SWR-2009-2635,2
661,SWR-2009-2637,2
662,SWR-2009-2812,2
663,SWR-2009-2813,2
664,SWR-2009-2814,2
665,SWR-2009-282,2
666,SWR-2009-2820,2
667,SWR-2009-2824,2
668,SWR-2009-2825,2
669,SWR-2009-2828,2
670,SWR-2009-2830,2
671,SWR-2009-2834,2
672,SWR-2009-2837,2
673,SWR-2009-2866,2
674,SWR-2009-2882,2
675,SWR-2009-2960,2
676,SWR-2009-2961,2
677,SWR-2009-2992,2
678,SWR-2009-2994,2
679,SWR-2009-31,2
680,SWR-2009-3142,2
681,SWR-2009-3181,2
682,SWR-2009-3305,2
683,SWR-2009-3378,2
684,SWR-2009-362,2
685,SWR-2009-367,2
686,SWR-2009-369,2
687,SWR-2009-3871,2
688,SWR-2009-3874,2
689,SWR-2009-3875,2
690,SWR-2009-3911,2
691,SWR-2009-3940,2
692,SWR-2009-3948,2
693,SWR-2009-3949,2
694,SWR-2009-4095,2
695,SWR-2009-4096,2
696,SWR-2009-419,2
697,SWR-2009-420,2
698,SWR-2009-4241,2
699,SWR-2009-4245,2
700,SWR-2009-4246,2
701,SWR-2009-4249,2
702,SWR-2009-4250,2
703,SWR-2009-4279,2
704,SWR-2009-4390,2
705,SWR-2009-4391,2
706,SWR-2009-4392,2
707,SWR-2009-4393,2
708,SWR-2009-4394,2
709,SWR-2009-441,2
710,SWR-2009-442,2
711,SWR-2009-4521,2
712,SWR-2009-4552,2
713,SWR-2009-4578,2
714,SWR-2009-4619,2
715,SWR-2009-4710,2
716,SWR-2009-4742,2
717,SWR-2009-4744,2
718,SWR-2009-4746,2
719,SWR-2009-4805,2
720,SWR-2009-4901,2
721,SWR-2009-4903,2
722,SWR-2009-4926,2
723,SWR-2009-4931,2
724,SWR-2009-4933,2
725,SWR-2009-4961,2
726,SWR-2009-5079,2
727,SWR-2009-5085,2
728,SWR-2009-5208,2
729,SWR-2009-5308,2
730,SWR-2009-5311,2
731,SWR-2009-5472,2
732,SWR-2009-5481,2
733,SWR-2009-555,2
734,SWR-2009-556,2
735,SWR-2009-5581,2
736,SWR-2009-5582,2
737,SWR-2009-5671,2
738,SWR-2009-5776,2
739,SWR-2009-5808,2
740,SWR-2009-5810,2
741,SWR-2009-5812,2
742,SWR-2009-5816,2
743,SWR-2009-583,2
744,SWR-2009-6002,2
745,SWR-2009-6170,2
746,SWR-2009-6171,2
747,SWR-2009-6172,2
748,SWR-2009-6268,2
749,SWR-2009-6269,2
750,SWR-2009-6358,2
751,SWR-2009-639,2
752,SWR-2009-6533,2
753,SWR-2009-6534,2
754,SWR-2009-6536,2
755,SWR-2009-6605,2
756,SWR-2009-6832,2
757,SWR-2009-6923,2
758,SWR-2009-6951,2
759,SWR-2009-7172,2
760,SWR-2009-7191,2
761,SWR-2009-725,2
762,SWR-2009-7510,2
763,SWR-2009-7531,2
764,SWR-2009-7581,2
765,SWR-2009-7622,2
766,SWR-2009-834,2
767,SWR-2009-868,2
768,SWR-2009-89,2
769,SWR-2009-91,2
770,SWR-2010-1054,2
771,SWR-2010-1055,2
772,SWR-2010-1057,2
773,SWR-2010-1059,2
774,SWR-2010-1119,2
775,SWR-2010-133,2
776,SWR-2010-1405,2
777,SWR-2010-1501,2
778,SWR-2010-1567,2
779,SWR-2010-1584,2
780,SWR-2010-1585,2
781,SWR-2010-1611,2
782,SWR-2010-1620,2
783,SWR-2010-166,2
784,SWR-2010-1811,2
785,SWR-2010-1834,2
786,SWR-2010-1851,2
787,SWR-2010-1857,2
788,SWR-2010-1901,2
789,SWR-2010-1902,2
790,SWR-2010-1904,2
791,SWR-2010-1905,2
792,SWR-2010-1921,2
793,SWR-2010-1922,2
794,SWR-2010-1949,2
795,SWR-2010-1967,2
796,SWR-2010-1968,2
797,SWR-2010-1969,2
798,SWR-2010-2033,2
799,SWR-2010-2034,2
800,SWR-2010-2085,2
801,SWR-2010-2086,2
802,SWR-2010-2087,2
803,SWR-2010-2088,2
804,SWR-2010-2146,2
805,SWR-2010-2180,2
806,SWR-2010-2342,2
807,SWR-2010-2382,2
808,SWR-2010-2454,2
809,SWR-2010-2518,2
810,SWR-2010-2519,2
811,SWR-2010-2569,2
812,SWR-2010-2723,2
813,SWR-2010-3047,2
814,SWR-2010-3285,2
815,SWR-2010-3292,2
816,SWR-2010-333,2
817,SWR-2010-3418,2
818,SWR-2010-3420,2
819,SWR-2010-3421,2
820,SWR-2010-3450,2
821,SWR-2010-3468,2
822,SWR-2010-3738,2
823,SWR-2010-3746,2
824,SWR-2010-3748,2
825,SWR-2010-3750,2
826,SWR-2010-378,2
827,SWR-2010-4013,2
828,SWR-2010-4015,2
829,SWR-2010-4016,2
830,SWR-2010-4049,2
831,SWR-2010-4050,2
832,SWR-2010-4145,2
833,SWR-2010-4146,2
834,SWR-2010-4373,2
835,SWR-2010-4392,2
836,SWR-2010-4394,2
837,SWR-2010-4396,2
838,SWR-2010-4397,2
839,SWR-2010-4398,2
840,SWR-2010-4499,2
841,SWR-2010-4634,2
842,SWR-2010-4824,2
843,SWR-2010-4825,2
844,SWR-2010-4827,2
845,SWR-2010-4842,2
846,SWR-2010-4843,2
847,SWR-2010-4848,2
848,SWR-2010-4853,2
849,SWR-2010-5133,2
850,SWR-2010-5156,2
851,SWR-2010-5171,2
852,SWR-2010-5226,2
853,SWR-2010-5227,2
854,SWR-2010-5228,2
855,SWR-2010-5432,2
856,SWR-2010-5433,2
857,SWR-2010-559,2
858,SWR-2010-560,2
859,SWR-2010-5717,2
860,SWR-2010-5718,2
861,SWR-2010-5872,2
862,SWR-2010-5877,2
863,SWR-2010-5878,2
864,SWR-2010-6054,2
865,SWR-2010-6056,2
866,SWR-2010-6057,2
867,SWR-2010-6084,2
868,SWR-2010-6085,2
869,SWR-2010-6105,2
870,SWR-2010-6140,2
871,SWR-2010-6205,2
872,SWR-2010-628,2
873,SWR-2010-6304,2
874,SWR-2010-6447,2
875,SWR-2010-646,2
876,SWR-2010-6485,2
877,SWR-2010-6495,2
878,SWR-2010-6496,2
879,SWR-2010-6518,2
880,SWR-2010-6567,2
881,SWR-2010-6675,2
882,SWR-2010-6691,2
883,SWR-2010-6703,2
884,SWR-2010-6740,2
885,SWR-2010-6823,2
886,SWR-2010-795,2
887,SWR-2010-819,2
888,SWR-2010-925,2
889,SWR-2010-981,2
890,SWR-2010-996,2
891,SWR-2010-997,2
892,SWR-2011-1040,2
893,SWR-2011-1135,2
894,SWR-2011-1137,2
895,SWR-2011-1236,2
896,SWR-2011-1237,2
897,SWR-2011-1238,2
898,SWR-2011-126,2
899,SWR-2011-1268,2
900,SWR-2011-1494,2
901,SWR-2011-1505,2
902,SWR-2011-1511,2
903,SWR-2011-1603,2
904,SWR-2011-1635,2
905,SWR-2011-1712,2
906,SWR-2011-1731,2
907,SWR-2011-1887,2
908,SWR-2011-1896,2
909,SWR-2011-1905,2
910,SWR-2011-1946,2
911,SWR-2011-2140,2
912,SWR-2011-2156,2
913,SWR-2011-2169,2
914,SWR-2011-2184,2
915,SWR-2011-222,2
916,SWR-2011-2225,2
917,SWR-2011-224,2
918,SWR-2011-2240,2
919,SWR-2011-2249,2
920,SWR-2011-2250,2
921,SWR-2011-2302,2
922,SWR-2011-2334,2
923,SWR-2011-2374,2
924,SWR-2011-2408,2
925,SWR-2011-2450,2
926,SWR-2011-2504,2
927,SWR-2011-2505,2
928,SWR-2011-2516,2
929,SWR-2011-2526,2
930,SWR-2011-2549,2
931,SWR-2011-2648,2
932,SWR-2011-2736,2
933,SWR-2011-2754,2
934,SWR-2011-2828,2
935,SWR-2011-2962,2
936,SWR-2011-2972,2
937,SWR-2011-2982,2
938,SWR-2011-3009,2
939,SWR-2011-3018,2
940,SWR-2011-3019,2
941,SWR-2011-3021,2
942,SWR-2011-3071,2
943,SWR-2011-3198,2
944,SWR-2011-3199,2
945,SWR-2011-3200,2
946,SWR-2011-3260,2
947,SWR-2011-3271,2
948,SWR-2011-3274,2
949,SWR-2011-337,2
950,SWR-2011-3464,2
951,SWR-2011-3465,2
952,SWR-2011-3498,2
953,SWR-2011-3503,2
954,SWR-2011-353,2
955,SWR-2011-3537,2
956,SWR-2011-3538,2
957,SWR-2011-3595,2
958,SWR-2011-3606,2
959,SWR-2011-3625,2
960,SWR-2011-3780,2
961,SWR-2011-382,2
962,SWR-2011-383,2
963,SWR-2011-3876,2
964,SWR-2011-3883,2
965,SWR-2011-3886,2
966,SWR-2011-3986,2
967,SWR-2011-4002,2
968,SWR-2011-4022,2
969,SWR-2011-4027,2
970,SWR-2011-4038,2
971,SWR-2011-4109,2
972,SWR-2011-4293,2
973,SWR-2011-4295,2
974,SWR-2011-4468,2
975,SWR-2011-4697,2
976,SWR-2011-4710,2
977,SWR-2011-4711,2
978,SWR-2011-4715,2
979,SWR-2011-4812,2
980,SWR-2011-4923,2
981,SWR-2011-4972,2
982,SWR-2011-5001,2
983,SWR-2011-5012,2
984,SWR-2011-5013,2
985,SWR-2011-5093,2
986,SWR-2011-5182,2
987,SWR-2011-519,2
988,SWR-2011-521,2
989,SWR-2011-5236,2
990,SWR-2011-5237,2
991,SWR-2011-5392,2
992,SWR-2011-5429,2
993,SWR-2011-5482,2
994,SWR-2011-5693,2
995,SWR-2011-571,2
996,SWR-2011-5790,2
997,SWR-2011-5794,2
998,SWR-2011-5814,2
999,SWR-2011-5835,2
1000,SWR-2011-5892,2
1001,SWR-2011-5984,2
1002,SWR-2011-6015,2
1003,SWR-2011-6138,2
1004,SWR-2011-6291,2
1005,SWR-2011-647,2
1006,SWR-2011-6539,2
1007,SWR-2011-676,2
1008,SWR-2011-700,2
1009,SWR-2011-702,2
1010,SWR-2011-713,2
1011,SWR-2011-757,2
1012,SWR-2011-828,2
1013,SWR-2011-829,2
1014,SWR-2011-928,2
1015,SWR-2012-1165,2
1016,SWR-2012-1200,2
1017,SWR-2012-1201,2
1018,SWR-2012-1250,2
1019,SWR-2012-1279,2
1020,SWR-2012-143,2
1021,SWR-2012-145,2
1022,SWR-2012-1450,2
1023,SWR-2012-146,2
1024,SWR-2012-1466,2
1025,SWR-2012-147,2
1026,SWR-2012-148,2
1027,SWR-2012-151,2
1028,SWR-2012-152,2
1029,SWR-2012-153,2
1030,SWR-2012-156,2
1031,SWR-2012-158,2
1032,SWR-2012-161,2
1033,SWR-2012-1683,2
1034,SWR-2012-1688,2
1035,SWR-2012-1691,2
1036,SWR-2012-1731,2
1037,SWR-2012-1777,2
1038,SWR-2012-1794,2
1039,SWR-2012-1934,2
1040,SWR-2012-2097,2
1041,SWR-2012-2129,2
1042,SWR-2012-2244,2
1043,SWR-2012-2350,2
1044,SWR-2012-2351,2
1045,SWR-2012-2352,2
1046,SWR-2012-237,2
1047,SWR-2012-238,2
1048,SWR-2012-2448,2
1049,SWR-2012-2452,2
1050,SWR-2012-2549,2
1051,SWR-2012-2565,2
1052,SWR-2012-2574,2
1053,SWR-2012-2590,2
1054,SWR-2012-2695,2
1055,SWR-2012-2699,2
1056,SWR-2012-2707,2
1057,SWR-2012-2746,2
1058,SWR-2012-2747,2
1059,SWR-2012-2801,2
1060,SWR-2012-2865,2
1061,SWR-2012-2907,2
1062,SWR-2012-308,2
1063,SWR-2012-3170,2
1064,SWR-2012-3206,2
1065,SWR-2012-3300,2
1066,SWR-2012-3303,2
1067,SWR-2012-3327,2
1068,SWR-2012-3507,2
1069,SWR-2012-3540,2
1070,SWR-2012-3676,2
1071,SWR-2012-3685,2
1072,SWR-2012-3736,2
1073,SWR-2012-4000,2
1074,SWR-2012-44,2
1075,SWR-2012-52,2
1076,SWR-2012-559,2
1077,SWR-2012-563,2
1078,SWR-2012-652,2
1079,SWR-2012-715,2
1080,SWR-2012-718,2
1081,SWR-2012-838,2
1082,SWR-2012-9,2
1083,SWR-2012-935,2
1084,SWR-2012-971,2
1085,SWR-2012-989,2
1086,SWR-2012-990,2
1087,800014,1
1088,820024,1
1089,830015,1
1090,840009,1
1091,870011,1
1092,870013,1
1093,870045,1
1094,890003,1
1095,900022,1
1096,900029,1
1097,900053,1
1098,910002,1
1099,910021,1
1100,910023,1
1101,910036,1
1102,910049,1
1103,920005,1
1104,920024,1
1105,920040,1
1106,920043,1
1107,920060,1
1108,920061,1
1109,930008,1
1110,930021,1
1111,930031,1
1112,930045,1
1113,930077,1
1114,930089,1
1115,930092,1
1116,930094,1
1117,940016,1
1118,940071,1
1119,940074,1
1120,950015,1
1121,950018,1
1122,950023,1
1123,950026,1
1124,950037,1
1125,950049,1
1126,950050,1
1127,950066,1
1128,960063,1
1129,960064,1
1130,960065,1
1131,AKR-1998-1409,1
1132,AKR-2002-563,1
1133,AKR-2003-528,1
1134,AKR-2003-529,1
1135,AKR-2003-531,1
1136,AKR-2003-611,1
1137,AKR-2005-6873,1
1138,AKR-2007-6365,1
1139,AKR-2008-7928,1
1140,AKR-2009-4165,1
1141,AKR-2009-7620,1
1142,AKR-2009-7621,1
1143,AKR-2009-7628,1
1144,AKR-2009-7629,1
1145,AKR-2010-6741,1
1146,AKR-2010-6742,1
1147,AKR-2011-3523,1
1148,AKR-2011-6216,1
1149,AKR-2011-6498,1
1150,AKR-2011-6506,1
1151,AKR-2011-6507,1
1152,AKR-2012-1306,1
1153,AKR-2012-1307,1
1154,AKR-2012-1548,1
1155,AKR-2012-2089,1
1156,AKR-2012-2419,1
1157,AKR-2012-3073,1
1158,AKR-2012-3476,1
1159,AKR-2012-679,1
1160,FPR-1978-7,1
1161,FPR-1997-1109,1
1162,FPR-1997-87,1
1163,FPR-1998-279,1
1164,FPR-1998-282,1
1165,FPR-1999-1158,1
1166,FPR-1999-1160,1
1167,FPR-2000-1209,1
1168,FPR-2001-960,1
1169,FPR-2002-1238,1
1170,FPR-2003-1327,1
1171,FPR-2003-1626,1
1172,FPR-2003-415,1
1173,FPR-2003-454,1
1174,FPR-2003-673,1
1175,FPR-2003-910,1
1176,FPR-2004-1538,1
1177,FPR-2006-2048,1
1178,FPR-2006-4538,1
1179,FPR-2007-2183,1
1180,FPR-2007-2184,1
1181,FPR-2007-2185,1
1182,FPR-2007-2531,1
1183,FPR-2010-2650,1
1184,FPR-2010-3395,1
1185,FPR-2011-2995,1
1186,FPR-2011-3193,1
1187,FPR-2011-6551,1
1188,IPR830001,1
1189,IPR860002,1
1190,IPR910002,1
1191,IPR920002,1
1192,IPR950002,1
1193,NER-2000-1028,1
1194,NER-2000-2265,1
1195,NER-2001-1171,1
1196,NER-2001-1335,1
1197,NER-2001-1378,1
1198,NER-2001-1379,1
1199,NER-2001-1434,1
1200,NER-2002-1034,1
1201,NER-2002-131,1
1202,NER-2002-1915,1
1203,NER-2002-1916,1
1204,NER-2002-1968,1
1205,NER-2002-202,1
1206,NER-2002-203,1
1207,NER-2002-2607,1
1208,NER-2002-402,1
1209,NER-2002-419,1
1210,NER-2002-661,1
1211,NER-2002-756,1
1212,NER-2002-795,1
1213,NER-2002-798,1
1214,NER-2002-812,1
1215,NER-2002-813,1
1216,NER-2002-920,1
1217,NER-2003-1148,1
1218,NER-2003-1150,1
1219,NER-2003-1151,1
1220,NER-2003-1153,1
1221,NER-2003-1154,1
1222,NER-2003-1155,1
1223,NER-2003-1156,1
1224,NER-2003-1158,1
1225,NER-2003-1160,1
1226,NER-2003-1161,1
1227,NER-2003-1162,1
1228,NER-2003-1163,1
1229,NER-2003-1164,1
1230,NER-2003-1165,1
1231,NER-2003-1166,1
1232,NER-2003-1167,1
1233,NER-2003-1168,1
1234,NER-2003-1169,1
1235,NER-2003-1170,1
1236,NER-2003-1171,1
1237,NER-2003-1172,1
1238,NER-2003-1173,1
1239,NER-2003-1175,1
1240,NER-2003-1176,1
1241,NER-2003-1178,1
1242,NER-2003-1179,1
1243,NER-2003-1180,1
1244,NER-2003-1181,1
1245,NER-2003-1183,1
1246,NER-2003-1184,1
1247,NER-2003-1188,1
1248,NER-2003-1189,1
1249,NER-2003-1190,1
1250,NER-2003-1191,1
1251,NER-2003-1193,1
1252,NER-2003-1194,1
1253,NER-2003-1196,1
1254,NER-2003-1198,1
1255,NER-2003-1581,1
1256,NER-2003-1582,1
1257,NER-2003-1584,1
1258,NER-2003-1627,1
1259,NER-2003-1628,1
1260,NER-2003-1629,1
1261,NER-2003-1630,1
1262,NER-2003-1631,1
1263,NER-2003-1632,1
1264,NER-2003-1633,1
1265,NER-2003-1634,1
1266,NER-2003-1635,1
1267,NER-2003-1636,1
1268,NER-2003-1637,1
1269,NER-2003-1648,1
1270,NER-2003-1649,1
1271,NER-2003-1650,1
1272,NER-2003-1651,1
1273,NER-2003-1652,1
1274,NER-2003-1653,1
1275,NER-2003-1666,1
1276,NER-2003-1669,1
1277,NER-2003-1670,1
1278,NER-2003-1672,1
1279,NER-2003-1673,1
1280,NER-2003-1674,1
1281,NER-2003-1676,1
1282,NER-2003-1677,1
1283,NER-2003-1678,1
1284,NER-2003-1679,1
1285,NER-2003-1680,1
1286,NER-2003-1681,1
1287,NER-2003-1682,1
1288,NER-2003-1683,1
1289,NER-2003-1684,1
1290,NER-2003-1685,1
1291,NER-2003-1686,1
1292,NER-2003-1687,1
1293,NER-2003-1688,1
1294,NER-2003-1689,1
1295,NER-2003-1690,1
1296,NER-2003-1691,1
1297,NER-2003-1692,1
1298,NER-2003-239,1
1299,NER-2004-1636,1
1300,NER-2004-1639,1
1301,NER-2004-1640,1
1302,NER-2004-1641,1
1303,NER-2004-1642,1
1304,NER-2004-1644,1
1305,NER-2004-1645,1
1306,NER-2004-1646,1
1307,NER-2004-1647,1
1308,NER-2004-1648,1
1309,NER-2004-1937,1
1310,NER-2004-1938,1
1311,NER-2004-1939,1
1312,NER-2004-2196,1
1313,NER-2004-2206,1
1314,NER-2004-281,1
1315,NER-2004-899,1
1316,NER-2004-900,1
1317,NER-2004-901,1
1318,NER-2004-907,1
1319,NER-2004-909,1
1320,NER-2004-910,1
1321,NER-2004-911,1
1322,NER-2004-912,1
1323,NER-2004-913,1
1324,NER-2004-914,1
1325,NER-2004-915,1
1326,NER-2004-916,1
1327,NER-2004-918,1
1328,NER-2004-919,1
1329,NER-2004-920,1
1330,NER-2004-921,1
1331,NER-2004-922,1
1332,NER-2004-923,1
1333,NER-2004-924,1
1334,NER-2004-925,1
1335,NER-2004-926,1
1336,NER-2004-927,1
1337,NER-2004-929,1
1338,NER-2004-933,1
1339,NER-2004-934,1
1340,NER-2004-935,1
1341,NER-2004-936,1
1342,NER-2004-937,1
1343,NER-2004-938,1
1344,NER-2004-939,1
1345,NER-2004-941,1
1346,NER-2004-947,1
1347,NER-2004-950,1
1348,NER-2004-951,1
1349,NER-2004-952,1
1350,NER-2005-5060,1
1351,NER-2005-5061,1
1352,NER-2005-5117,1
1353,NER-2005-6541,1
1354,NER-2005-6573,1
1355,NER-2006-2140,1
1356,NER-2006-2545,1
1357,NER-2006-2546,1
1358,NER-2006-2548,1
1359,NER-2006-2552,1
1360,NER-2006-2971,1
1361,NER-2006-2972,1
1362,NER-2006-3962,1
1363,NER-2006-3986,1
1364,NER-2006-3992,1
1365,NER-2006-4087,1
1366,NER-2006-4088,1
1367,NER-2006-5709,1
1368,NER-2006-5712,1
1369,NER-2006-6122,1
1370,NER-2006-6475,1
1371,NER-2006-6555,1
1372,NER-2006-6611,1
1373,NER-2007-2019,1
1374,NER-2007-2273,1
1375,NER-2007-2314,1
1376,NER-2007-2348,1
1377,NER-2007-2350,1
1378,NER-2007-2521,1
1379,NER-2007-2524,1
1380,NER-2007-2566,1
1381,NER-2007-2933,1
1382,NER-2007-2936,1
1383,NER-2007-2937,1
1384,NER-2007-3153,1
1385,NER-2007-3197,1
1386,NER-2007-3223,1
1387,NER-2007-3228,1
1388,NER-2007-3603,1
1389,NER-2007-390,1
1390,NER-2007-4408,1
1391,NER-2007-4416,1
1392,NER-2007-4418,1
1393,NER-2007-4419,1
1394,NER-2007-4420,1
1395,NER-2007-4421,1
1396,NER-2007-4451,1
1397,NER-2007-4481,1
1398,NER-2007-4501,1
1399,NER-2007-4900,1
1400,NER-2007-5107,1
1401,NER-2007-5220,1
1402,NER-2007-5221,1
1403,NER-2007-5354,1
1404,NER-2007-5359,1
1405,NER-2007-5360,1
1406,NER-2007-5366,1
1407,NER-2007-5367,1
1408,NER-2007-5368,1
1409,NER-2007-5369,1
1410,NER-2007-5583,1
1411,NER-2007-5715,1
1412,NER-2007-5716,1
1413,NER-2007-5743,1
1414,NER-2007-5873,1
1415,NER-2007-5886,1
1416,NER-2007-5966,1
1417,NER-2007-607,1
1418,NER-2007-6496,1
1419,NER-2007-657,1
1420,NER-2007-664,1
1421,NER-2007-686,1
1422,NER-2007-7072,1
1423,NER-2007-7249,1
1424,NER-2007-7252,1
1425,NER-2007-7329,1
1426,NER-2007-7362,1
1427,NER-2007-7365,1
1428,NER-2007-7366,1
1429,NER-2007-7448,1
1430,NER-2007-7449,1
1431,NER-2007-7576,1
1432,NER-2007-7577,1
1433,NER-2007-7687,1
1434,NER-2007-883,1
1435,NER-2008-2109,1
1436,NER-2008-2182,1
1437,NER-2008-2192,1
1438,NER-2008-2196,1
1439,NER-2008-2205,1
1440,NER-2008-2507,1
1441,NER-2008-2560,1
1442,NER-2008-2723,1
1443,NER-2008-2824,1
1444,NER-2008-2946,1
1445,NER-2008-2988,1
1446,NER-2008-3564,1
1447,NER-2008-3640,1
1448,NER-2008-4103,1
1449,NER-2008-4106,1
1450,NER-2008-4736,1
1451,NER-2008-4737,1
1452,NER-2008-4875,1
1453,NER-2008-5416,1
1454,NER-2008-5551,1
1455,NER-2008-5802,1
1456,NER-2008-5803,1
1457,NER-2008-6475,1
1458,NER-2008-6513,1
1459,NER-2009-1476,1
1460,NER-2009-1720,1
1461,NER-2009-1832,1
1462,NER-2009-1888,1
1463,NER-2009-1919,1
1464,NER-2009-236,1
1465,NER-2009-2396,1
1466,NER-2009-4273,1
1467,NER-2009-4275,1
1468,NER-2009-4277,1
1469,NER-2009-4422,1
1470,NER-2009-4576,1
1471,NER-2009-4684,1
1472,NER-2009-4739,1
1473,NER-2009-4771,1
1474,NER-2009-4772,1
1475,NER-2009-5487,1
1476,NER-2009-5716,1
1477,NER-2009-5717,1
1478,NER-2009-5718,1
1479,NER-2009-5719,1
1480,NER-2009-621,1
1481,NER-2009-7199,1
1482,NER-2009-7201,1
1483,NER-2010-1099,1
1484,NER-2010-1369,1
1485,NER-2010-1504,1
1486,NER-2010-1505,1
1487,NER-2010-1734,1
1488,NER-2010-242,1
1489,NER-2010-334,1
1490,NER-2010-335,1
1491,NER-2010-336,1
1492,NER-2010-386,1
1493,NER-2010-431,1
1494,NER-2010-4344,1
1495,NER-2010-4585,1
1496,NER-2010-6042,1
1497,NER-2010-6419,1
1498,NER-2010-6462,1
1499,NER-2010-6525,1
1500,NER-2010-6578,1
1501,NER-2010-673,1
1502,NER-2010-937,1
1503,NER-2011-102,1
1504,NER-2011-1288,1
1505,NER-2011-1293,1
1506,NER-2011-1455,1
1507,NER-2011-1539,1
1508,NER-2011-1551,1
1509,NER-2011-1669,1
1510,NER-2011-1681,1
1511,NER-2011-1683,1
1512,NER-2011-1878,1
1513,NER-2011-1879,1
1514,NER-2011-1982,1
1515,NER-2011-2013,1
1516,NER-2011-2168,1
1517,NER-2011-2201,1
1518,NER-2011-2221,1
1519,NER-2011-2222,1
1520,NER-2011-2434,1
1521,NER-2011-2615,1
1522,NER-2011-263,1
1523,NER-2011-3195,1
1524,NER-2011-3471,1
1525,NER-2011-3472,1
1526,NER-2011-3768,1
1527,NER-2011-3842,1
1528,NER-2011-3845,1
1529,NER-2011-3896,1
1530,NER-2011-458,1
1531,NER-2011-474,1
1532,NER-2011-493,1
1533,NER-2011-5581,1
1534,NER-2011-5626,1
1535,NER-2011-5627,1
1536,NER-2011-5694,1
1537,NER-2011-5695,1
1538,NER-2011-5696,1
1539,NER-2011-5768,1
1540,NER-2011-655,1
1541,NER-2011-67,1
1542,NER-2011-703,1
1543,NER-2012-1005,1
1544,NER-2012-1006,1
1545,NER-2012-1149,1
1546,NER-2012-1154,1
1547,NER-2012-1180,1
1548,NER-2012-1588,1
1549,NER-2012-1605,1
1550,NER-2012-1837,1
1551,NER-2012-1893,1
1552,NER-2012-1894,1
1553,NER-2012-2087,1
1554,NER-2012-3078,1
1555,NER-2012-314,1
1556,NER-2012-3330,1
1557,NER-2012-3353,1
1558,NER-2012-3709,1
1559,NWR-1994-167,1
1560,NWR-1994-171,1
1561,NWR-1995-188,1
1562,NWR-1997-1326,1
1563,NWR-1997-1330,1
1564,NWR-1997-1331,1
1565,NWR-1997-1333,1
1566,NWR-1997-1379,1
1567,NWR-1998-1613,1
1568,NWR-1998-355,1
1569,NWR-1999-100,1
1570,NWR-1999-1003,1
1571,NWR-1999-101,1
1572,NWR-1999-103,1
1573,NWR-1999-104,1
1574,NWR-1999-110,1
1575,NWR-1999-114,1
1576,NWR-1999-118,1
1577,NWR-1999-119,1
1578,NWR-1999-1200,1
1579,NWR-1999-122,1
1580,NWR-1999-124,1
1581,NWR-1999-126,1
1582,NWR-1999-129,1
1583,NWR-1999-131,1
1584,NWR-1999-136,1
1585,NWR-1999-1397,1
1586,NWR-1999-143,1
1587,NWR-1999-160,1
1588,NWR-1999-164,1
1589,NWR-1999-166,1
1590,NWR-1999-169,1
1591,NWR-1999-172,1
1592,NWR-1999-173,1
1593,NWR-1999-174,1
1594,NWR-1999-180,1
1595,NWR-1999-181,1
1596,NWR-1999-183,1
1597,NWR-1999-184,1
1598,NWR-1999-1867,1
1599,NWR-1999-1875,1
1600,NWR-1999-192,1
1601,NWR-1999-199,1
1602,NWR-1999-200,1
1603,NWR-1999-201,1
1604,NWR-1999-202,1
1605,NWR-1999-203,1
1606,NWR-1999-205,1
1607,NWR-1999-206,1
1608,NWR-1999-207,1
1609,NWR-1999-222,1
1610,NWR-1999-223,1
1611,NWR-1999-228,1
1612,NWR-1999-230,1
1613,NWR-1999-232,1
1614,NWR-1999-233,1
1615,NWR-1999-236,1
1616,NWR-1999-238,1
1617,NWR-1999-241,1
1618,NWR-1999-252,1
1619,NWR-1999-253,1
1620,NWR-1999-255,1
1621,NWR-1999-259,1
1622,NWR-1999-267,1
1623,NWR-1999-268,1
1624,NWR-1999-275,1
1625,NWR-1999-281,1
1626,NWR-1999-283,1
1627,NWR-1999-284,1
1628,NWR-1999-285,1
1629,NWR-1999-287,1
1630,NWR-1999-289,1
1631,NWR-1999-290,1
1632,NWR-1999-291,1
1633,NWR-1999-296,1
1634,NWR-1999-298,1
1635,NWR-1999-299,1
1636,NWR-1999-302,1
1637,NWR-1999-304,1
1638,NWR-1999-305,1
1639,NWR-1999-308,1
1640,NWR-1999-325,1
1641,NWR-1999-326,1
1642,NWR-1999-330,1
1643,NWR-1999-334,1
1644,NWR-1999-347,1
1645,NWR-1999-363,1
1646,NWR-1999-394,1
1647,NWR-1999-396,1
1648,NWR-1999-414,1
1649,NWR-1999-418,1
1650,NWR-1999-419,1
1651,NWR-1999-421,1
1652,NWR-1999-424,1
1653,NWR-1999-425,1
1654,NWR-1999-426,1
1655,NWR-1999-433,1
1656,NWR-1999-435,1
1657,NWR-1999-509,1
1658,NWR-1999-535,1
1659,NWR-1999-552,1
1660,NWR-1999-579,1
1661,NWR-1999-580,1
1662,NWR-1999-586,1
1663,NWR-1999-588,1
1664,NWR-1999-606,1
1665,NWR-1999-647,1
1666,NWR-1999-650,1
1667,NWR-1999-736,1
1668,NWR-1999-737,1
1669,NWR-1999-755,1
1670,NWR-1999-80,1
1671,NWR-1999-81,1
1672,NWR-1999-83,1
1673,NWR-1999-84,1
1674,NWR-1999-85,1
1675,NWR-1999-90,1
1676,NWR-1999-93,1
1677,NWR-1999-971,1
1678,NWR-1999-98,1
1679,NWR-2000-1447,1
1680,NWR-2000-1448,1
1681,NWR-2000-1465,1
1682,NWR-2000-254,1
1683,NWR-2000-382,1
1684,NWR-2000-643,1
1685,NWR-2000-683,1
1686,NWR-2001-1058,1
1687,NWR-2001-1107,1
1688,NWR-2001-1145,1
1689,NWR-2001-1202,1
1690,NWR-2001-1313,1
1691,NWR-2001-1339,1
1692,NWR-2001-1354,1
1693,NWR-2001-1355,1
1694,NWR-2001-1360,1
1695,NWR-2001-1361,1
1696,NWR-2001-1362,1
1697,NWR-2001-1371,1
1698,NWR-2001-1422,1
1699,NWR-2001-1439,1
1700,NWR-2001-1440,1
1701,NWR-2001-1441,1
1702,NWR-2001-1442,1
1703,NWR-2001-1443,1
1704,NWR-2001-1451,1
1705,NWR-2001-1459,1
1706,NWR-2001-1461,1
1707,NWR-2001-1462,1
1708,NWR-2001-1475,1
1709,NWR-2001-1476,1
1710,NWR-2001-158,1
1711,NWR-2001-2044,1
1712,NWR-2001-2066,1
1713,NWR-2001-223,1
1714,NWR-2001-807,1
1715,NWR-2002-1030,1
1716,NWR-2002-1035,1
1717,NWR-2002-1118,1
1718,NWR-2002-1120,1
1719,NWR-2002-1147,1
1720,NWR-2002-1211,1
1721,NWR-2002-1275,1
1722,NWR-2002-1276,1
1723,NWR-2002-1278,1
1724,NWR-2002-1280,1
1725,NWR-2002-1281,1
1726,NWR-2002-1286,1
1727,NWR-2002-1287,1
1728,NWR-2002-1289,1
1729,NWR-2002-1290,1
1730,NWR-2002-1291,1
1731,NWR-2002-1413,1
1732,NWR-2002-1458,1
1733,NWR-2002-1467,1
1734,NWR-2002-1478,1
1735,NWR-2002-161,1
1736,NWR-2002-1871,1
1737,NWR-2002-189,1
1738,NWR-2002-1931,1
1739,NWR-2002-1941,1
1740,NWR-2002-1951,1
1741,NWR-2002-287,1
1742,NWR-2002-310,1
1743,NWR-2002-360,1
1744,NWR-2002-613,1
1745,NWR-2002-615,1
1746,NWR-2002-616,1
1747,NWR-2002-617,1
1748,NWR-2002-618,1
1749,NWR-2002-619,1
1750,NWR-2002-634,1
1751,NWR-2002-669,1
1752,NWR-2002-672,1
1753,NWR-2002-674,1
1754,NWR-2002-675,1
1755,NWR-2002-677,1
1756,NWR-2002-679,1
1757,NWR-2002-682,1
1758,NWR-2002-684,1
1759,NWR-2002-694,1
1760,NWR-2002-695,1
1761,NWR-2002-696,1
1762,NWR-2002-697,1
1763,NWR-2002-698,1
1764,NWR-2002-702,1
1765,NWR-2002-704,1
1766,NWR-2002-706,1
1767,NWR-2002-707,1
1768,NWR-2002-708,1
1769,NWR-2002-709,1
1770,NWR-2002-711,1
1771,NWR-2002-712,1
1772,NWR-2002-716,1
1773,NWR-2002-725,1
1774,NWR-2002-776,1
1775,NWR-2002-781,1
1776,NWR-2002-843,1
1777,NWR-2002-844,1
1778,NWR-2002-848,1
1779,NWR-2002-858,1
1780,NWR-2002-860,1
1781,NWR-2002-862,1
1782,NWR-2002-863,1
1783,NWR-2002-864,1
1784,NWR-2002-865,1
1785,NWR-2002-866,1
1786,NWR-2002-867,1
1787,NWR-2002-868,1
1788,NWR-2002-869,1
1789,NWR-2002-870,1
1790,NWR-2002-871,1
1791,NWR-2002-873,1
1792,NWR-2002-881,1
1793,NWR-2002-929,1
1794,NWR-2002-954,1
1795,NWR-2002-958,1
1796,NWR-2002-959,1
1797,NWR-2002-982,1
1798,NWR-2002-991,1
1799,NWR-2003-1089,1
1800,NWR-2003-1422,1
1801,NWR-2003-1428,1
1802,NWR-2003-156,1
1803,NWR-2003-1647,1
1804,NWR-2003-21,1
1805,NWR-2003-216,1
1806,NWR-2003-22,1
1807,NWR-2003-23,1
1808,NWR-2003-24,1
1809,NWR-2003-253,1
1810,NWR-2003-29,1
1811,NWR-2003-30,1
1812,NWR-2003-320,1
1813,NWR-2003-366,1
1814,NWR-2003-368,1
1815,NWR-2003-405,1
1816,NWR-2003-524,1
1817,NWR-2003-525,1
1818,NWR-2003-637,1
1819,NWR-2003-82,1
1820,NWR-2004-1584,1
1821,NWR-2004-2,1
1822,NWR-2004-228,1
1823,NWR-2004-980,1
1824,NWR-2005-3797,1
1825,NWR-2005-3798,1
1826,NWR-2005-3804,1
1827,NWR-2005-3805,1
1828,NWR-2005-3806,1
1829,NWR-2005-3807,1
1830,NWR-2005-3918,1
1831,NWR-2005-4063,1
1832,NWR-2005-4096,1
1833,NWR-2005-4136,1
1834,NWR-2005-416,1
1835,NWR-2005-4321,1
1836,NWR-2005-5896,1
1837,NWR-2005-59,1
1838,NWR-2006-1380,1
1839,NWR-2006-4294,1
1840,NWR-2007-2081,1
1841,NWR-2007-2084,1
1842,NWR-2007-5073,1
1843,NWR-2007-9115,1
1844,NWR-2007-968,1
1845,NWR-2008-4405,1
1846,NWR-2008-4560,1
1847,NWR-2008-5108,1
1848,NWR-2008-5875,1
1849,NWR-2009-1961,1
1850,NWR-2009-2222,1
1851,NWR-2009-3884,1
1852,NWR-2009-3897,1
1853,NWR-2009-4709,1
1854,NWR-2009-5540,1
1855,NWR-2009-5610,1
1856,NWR-2009-5884,1
1857,NWR-2009-6362,1
1858,NWR-2009-6363,1
1859,NWR-2009-6364,1
1860,NWR-2009-6365,1
1861,NWR-2009-6366,1
1862,NWR-2009-6367,1
1863,NWR-2009-6525,1
1864,NWR-2009-6624,1
1865,NWR-2009-6756,1
1866,NWR-2010-1472,1
1867,NWR-2010-1479,1
1868,NWR-2010-1481,1
1869,NWR-2010-1494,1
1870,NWR-2010-1685,1
1871,NWR-2010-1722,1
1872,NWR-2010-1724,1
1873,NWR-2010-1908,1
1874,NWR-2010-1971,1
1875,NWR-2010-2048,1
1876,NWR-2010-2816,1
1877,NWR-2010-2885,1
1878,NWR-2010-3442,1
1879,NWR-2010-3498,1
1880,NWR-2010-358,1
1881,NWR-2010-3679,1
1882,NWR-2010-4448,1
1883,NWR-2010-4956,1
1884,NWR-2010-4977,1
1885,NWR-2010-5166,1
1886,NWR-2010-5358,1
1887,NWR-2010-5544,1
1888,NWR-2010-5796,1
1889,NWR-2010-5801,1
1890,NWR-2010-5981,1
1891,NWR-2010-947,1
1892,NWR-2010-95,1
1893,NWR-2011-1541,1
1894,NWR-2011-175,1
1895,NWR-2011-2182,1
1896,NWR-2011-2186,1
1897,NWR-2011-2367,1
1898,NWR-2011-2422,1
1899,NWR-2011-2440,1
1900,NWR-2011-2465,1
1901,NWR-2011-2758,1
1902,NWR-2011-3254,1
1903,NWR-2011-3450,1
1904,NWR-2011-3622,1
1905,NWR-2011-3645,1
1906,NWR-2011-3718,1
1907,NWR-2011-3750,1
1908,NWR-2011-3881,1
1909,NWR-2011-394,1
1910,NWR-2011-4345,1
1911,NWR-2011-438,1
1912,NWR-2011-4915,1
1913,NWR-2011-4919,1
1914,NWR-2011-5389,1
1915,NWR-2011-551,1
1916,NWR-2011-5701,1
1917,NWR-2011-5704,1
1918,NWR-2011-5775,1
1919,NWR-2011-5796,1
1920,NWR-2011-604,1
1921,NWR-2011-76,1
1922,NWR-2011-812,1
1923,NWR-2012-1088,1
1924,NWR-2012-1096,1
1925,NWR-2012-120,1
1926,NWR-2012-1797,1
1927,NWR-2012-2016,1
1928,NWR-2012-218,1
1929,NWR-2012-2185,1
1930,NWR-2012-276,1
1931,NWR-2012-278,1
1932,NWR-2012-3,1
1933,NWR-2012-3039,1
1934,NWR-2012-306,1
1935,NWR-2012-3450,1
1936,NWR-2012-3714,1
1937,NWR-2012-3764,1
1938,NWR-2012-3987,1
1939,NWR-2012-543,1
1940,NWR-2012-764,1
1941,NWR-2012-769,1
1942,NWR-2012-886,1
1943,PIR-2005-2580,1
1944,PIR-2005-2581,1
1945,PIR-2005-3739,1
1946,PIR-2005-4656,1
1947,PIR-2005-4695,1
1948,PIR-2005-5569,1
1949,PIR-2005-5999,1
1950,PIR-2005-6102,1
1951,PIR-2005-6269,1
1952,PIR-2006-1025,1
1953,PIR-2006-1433,1
1954,PIR-2006-1448,1
1955,PIR-2006-1672,1
1956,PIR-2006-1697,1
1957,PIR-2006-2309,1
1958,PIR-2006-2311,1
1959,PIR-2006-2316,1
1960,PIR-2006-2317,1
1961,PIR-2006-2319,1
1962,PIR-2006-2322,1
1963,PIR-2006-2324,1
1964,PIR-2006-2325,1
1965,PIR-2006-2332,1
1966,PIR-2006-2553,1
1967,PIR-2006-2627,1
1968,PIR-2006-3281,1
1969,PIR-2006-3335,1
1970,PIR-2006-3785,1
1971,PIR-2006-3997,1
1972,PIR-2006-3998,1
1973,PIR-2006-4039,1
1974,PIR-2006-4040,1
1975,PIR-2006-4116,1
1976,PIR-2006-4305,1
1977,PIR-2006-4306,1
1978,PIR-2006-4308,1
1979,PIR-2006-4309,1
1980,PIR-2006-4310,1
1981,PIR-2006-4713,1
1982,PIR-2006-4986,1
1983,PIR-2006-4987,1
1984,PIR-2006-5078,1
1985,PIR-2006-5079,1
1986,PIR-2006-5208,1
1987,PIR-2006-5250,1
1988,PIR-2006-5423,1
1989,PIR-2006-5427,1
1990,PIR-2006-5483,1
1991,PIR-2006-5631,1
1992,PIR-2006-5760,1
1993,PIR-2006-5790,1
1994,PIR-2006-6070,1
1995,PIR-2006-6244,1
1996,PIR-2006-6251,1
1997,PIR-2006-6252,1
1998,PIR-2006-6259,1
1999,PIR-2006-6502,1
2000,PIR-2006-6825,1
2001,PIR-2007-108,1
2002,PIR-2007-1528,1
2003,PIR-2007-1609,1
2004,PIR-2007-2170,1
2005,PIR-2007-2171,1
2006,PIR-2007-2172,1
2007,PIR-2007-2212,1
2008,PIR-2007-2425,1
2009,PIR-2007-2743,1
2010,PIR-2007-3192,1
2011,PIR-2007-3211,1
2012,PIR-2007-3212,1
2013,PIR-2007-3274,1
2014,PIR-2007-3279,1
2015,PIR-2007-3281,1
2016,PIR-2007-3282,1
2017,PIR-2007-3284,1
2018,PIR-2007-3285,1
2019,PIR-2007-3302,1
2020,PIR-2007-4025,1
2021,PIR-2007-4028,1
2022,PIR-2007-4029,1
2023,PIR-2007-4030,1
2024,PIR-2007-4031,1
2025,PIR-2007-4188,1
2026,PIR-2007-5150,1
2027,PIR-2007-5399,1
2028,PIR-2007-6381,1
2029,PIR-2007-6382,1
2030,PIR-2007-6383,1
2031,PIR-2007-66,1
2032,PIR-2007-6689,1
2033,PIR-2007-7273,1
2034,PIR-2007-7274,1
2035,PIR-2007-7275,1
2036,PIR-2007-7277,1
2037,PIR-2007-7337,1
2038,PIR-2007-7421,1
2039,PIR-2007-7573,1
2040,PIR-2007-7801,1
2041,PIR-2007-7960,1
2042,PIR-2007-7969,1
2043,PIR-2007-84,1
2044,PIR-2008-1424,1
2045,PIR-2008-1978,1
2046,PIR-2008-2419,1
2047,PIR-2008-2791,1
2048,PIR-2008-3157,1
2049,PIR-2008-6922,1
2050,PIR-2008-8333,1
2051,PIR-2008-900,1
2052,PIR-2009-5678,1
2053,PIR-2009-5679,1
2054,PIR-2009-689,1
2055,PIR-2010-161,1
2056,PIR-2010-171,1
2057,PIR-2010-1790,1
2058,PIR-2010-3232,1
2059,PIR-2011-2096,1
2060,PIR-2011-4968,1
2061,SER-1990-58,1
2062,SER-1998-175,1
2063,SER-1998-207,1
2064,SER-1998-217,1
2065,SER-1998-246,1
2066,SER-1998-264,1
2067,SER-1998-316,1
2068,SER-1998-350,1
2069,SER-1998-68,1
2070,SER-1999-1088,1
2071,SER-1999-1089,1
2072,SER-1999-1116,1
2073,SER-1999-1128,1
2074,SER-1999-1201,1
2075,SER-1999-1289,1
2076,SER-1999-14,1
2077,SER-1999-1435,1
2078,SER-1999-1438,1
2079,SER-1999-1475,1
2080,SER-1999-15,1
2081,SER-1999-1513,1
2082,SER-1999-1539,1
2083,SER-1999-1580,1
2084,SER-1999-1581,1
2085,SER-1999-16,1
2086,SER-1999-1612,1
2087,SER-1999-1613,1
2088,SER-1999-1615,1
2089,SER-1999-1616,1
2090,SER-1999-1660,1
2091,SER-1999-17,1
2092,SER-1999-1709,1
2093,SER-1999-1710,1
2094,SER-1999-1711,1
2095,SER-1999-1712,1
2096,SER-1999-1714,1
2097,SER-1999-1718,1
2098,SER-1999-1739,1
2099,SER-1999-1741,1
2100,SER-1999-1762,1
2101,SER-1999-1785,1
2102,SER-1999-1789,1
2103,SER-1999-1790,1
2104,SER-1999-1791,1
2105,SER-1999-1793,1
2106,SER-1999-1794,1
2107,SER-1999-18,1
2108,SER-1999-271,1
2109,SER-1999-335,1
2110,SER-1999-34,1
2111,SER-1999-392,1
2112,SER-1999-397,1
2113,SER-1999-43,1
2114,SER-1999-465,1
2115,SER-1999-48,1
2116,SER-1999-63,1
2117,SER-1999-66,1
2118,SER-1999-706,1
2119,SER-1999-707,1
2120,SER-1999-718,1
2121,SER-1999-731,1
2122,SER-1999-762,1
2123,SER-1999-861,1
2124,SER-1999-868,1
2125,SER-1999-870,1
2126,SER-1999-881,1
2127,SER-1999-899,1
2128,SER-1999-900,1
2129,SER-1999-910,1
2130,SER-2000-1049,1
2131,SER-2000-1052,1
2132,SER-2000-1053,1
2133,SER-2000-1072,1
2134,SER-2000-1074,1
2135,SER-2000-1076,1
2136,SER-2000-1109,1
2137,SER-2000-1110,1
2138,SER-2000-1127,1
2139,SER-2000-1128,1
2140,SER-2000-1136,1
2141,SER-2000-1143,1
2142,SER-2000-1144,1
2143,SER-2000-1145,1
2144,SER-2000-1147,1
2145,SER-2000-1156,1
2146,SER-2000-1157,1
2147,SER-2000-1196,1
2148,SER-2000-1198,1
2149,SER-2000-1201,1
2150,SER-2000-1203,1
2151,SER-2000-1204,1
2152,SER-2000-1226,1
2153,SER-2000-123,1
2154,SER-2000-1230,1
2155,SER-2000-1231,1
2156,SER-2000-124,1
2157,SER-2000-126,1
2158,SER-2000-1281,1
2159,SER-2000-1282,1
2160,SER-2000-1283,1
2161,SER-2000-1284,1
2162,SER-2000-1285,1
2163,SER-2000-1286,1
2164,SER-2000-1295,1
2165,SER-2000-1296,1
2166,SER-2000-1297,1
2167,SER-2000-1299,1
2168,SER-2000-130,1
2169,SER-2000-1301,1
2170,SER-2000-1304,1
2171,SER-2000-131,1
2172,SER-2000-1315,1
2173,SER-2000-132,1
2174,SER-2000-1321,1
2175,SER-2000-133,1
2176,SER-2000-134,1
2177,SER-2000-135,1
2178,SER-2000-1351,1
2179,SER-2000-1352,1
2180,SER-2000-1353,1
2181,SER-2000-1354,1
2182,SER-2000-136,1
2183,SER-2000-137,1
2184,SER-2000-1372,1
2185,SER-2000-138,1
2186,SER-2000-1384,1
2187,SER-2000-139,1
2188,SER-2000-140,1
2189,SER-2000-141,1
2190,SER-2000-142,1
2191,SER-2000-1427,1
2192,SER-2000-1428,1
2193,SER-2000-1429,1
2194,SER-2000-143,1
2195,SER-2000-1430,1
2196,SER-2000-1432,1
2197,SER-2000-1433,1
2198,SER-2000-1434,1
2199,SER-2000-144,1
2200,SER-2000-145,1
2201,SER-2000-146,1
2202,SER-2000-147,1
2203,SER-2000-148,1
2204,SER-2000-149,1
2205,SER-2000-150,1
2206,SER-2000-152,1
2207,SER-2000-155,1
2208,SER-2000-196,1
2209,SER-2000-197,1
2210,SER-2000-200,1
2211,SER-2000-201,1
2212,SER-2000-311,1
2213,SER-2000-329,1
2214,SER-2000-331,1
2215,SER-2000-332,1
2216,SER-2000-347,1
2217,SER-2000-349,1
2218,SER-2000-367,1
2219,SER-2000-399,1
2220,SER-2000-416,1
2221,SER-2000-42,1
2222,SER-2000-420,1
2223,SER-2000-437,1
2224,SER-2000-439,1
2225,SER-2000-443,1
2226,SER-2000-451,1
2227,SER-2000-452,1
2228,SER-2000-453,1
2229,SER-2000-457,1
2230,SER-2000-478,1
2231,SER-2000-503,1
2232,SER-2000-519,1
2233,SER-2000-520,1
2234,SER-2000-521,1
2235,SER-2000-522,1
2236,SER-2000-523,1
2237,SER-2000-525,1
2238,SER-2000-526,1
2239,SER-2000-527,1
2240,SER-2000-528,1
2241,SER-2000-530,1
2242,SER-2000-542,1
2243,SER-2000-543,1
2244,SER-2000-544,1
2245,SER-2000-545,1
2246,SER-2000-546,1
2247,SER-2000-561,1
2248,SER-2000-60,1
2249,SER-2000-62,1
2250,SER-2000-620,1
2251,SER-2000-635,1
2252,SER-2000-636,1
2253,SER-2000-64,1
2254,SER-2000-664,1
2255,SER-2000-691,1
2256,SER-2000-694,1
2257,SER-2000-715,1
2258,SER-2000-719,1
2259,SER-2000-720,1
2260,SER-2000-745,1
2261,SER-2000-75,1
2262,SER-2000-764,1
2263,SER-2000-797,1
2264,SER-2000-824,1
2265,SER-2000-825,1
2266,SER-2000-84,1
2267,SER-2000-853,1
2268,SER-2000-858,1
2269,SER-2000-859,1
2270,SER-2000-877,1
2271,SER-2000-880,1
2272,SER-2000-971,1
2273,SER-2000-972,1
2274,SER-2001-1,1
2275,SER-2001-1005,1
2276,SER-2001-1078,1
2277,SER-2001-1083,1
2278,SER-2001-1084,1
2279,SER-2001-1085,1
2280,SER-2001-1086,1
2281,SER-2001-1091,1
2282,SER-2001-1093,1
2283,SER-2001-1096,1
2284,SER-2001-1097,1
2285,SER-2001-1122,1
2286,SER-2001-1129,1
2287,SER-2001-1133,1
2288,SER-2001-1134,1
2289,SER-2001-1140,1
2290,SER-2001-1141,1
2291,SER-2001-1143,1
2292,SER-2001-1149,1
2293,SER-2001-1150,1
2294,SER-2001-1151,1
2295,SER-2001-1152,1
2296,SER-2001-1153,1
2297,SER-2001-1155,1
2298,SER-2001-1156,1
2299,SER-2001-1157,1
2300,SER-2001-1158,1
2301,SER-2001-1161,1
2302,SER-2001-1162,1
2303,SER-2001-1164,1
2304,SER-2001-1165,1
2305,SER-2001-1166,1
2306,SER-2001-1172,1
2307,SER-2001-1192,1
2308,SER-2001-1193,1
2309,SER-2001-1197,1
2310,SER-2001-1203,1
2311,SER-2001-1228,1
2312,SER-2001-1229,1
2313,SER-2001-1230,1
2314,SER-2001-1231,1
2315,SER-2001-1233,1
2316,SER-2001-1237,1
2317,SER-2001-1238,1
2318,SER-2001-1240,1
2319,SER-2001-1241,1
2320,SER-2001-1242,1
2321,SER-2001-1257,1
2322,SER-2001-1304,1
2323,SER-2001-1322,1
2324,SER-2001-1337,1
2325,SER-2001-15,1
2326,SER-2001-17,1
2327,SER-2001-199,1
2328,SER-2001-23,1
2329,SER-2001-237,1
2330,SER-2001-239,1
2331,SER-2001-24,1
2332,SER-2001-247,1
2333,SER-2001-25,1
2334,SER-2001-26,1
2335,SER-2001-267,1
2336,SER-2001-268,1
2337,SER-2001-269,1
2338,SER-2001-27,1
2339,SER-2001-270,1
2340,SER-2001-271,1
2341,SER-2001-273,1
2342,SER-2001-274,1
2343,SER-2001-28,1
2344,SER-2001-288,1
2345,SER-2001-289,1
2346,SER-2001-327,1
2347,SER-2001-329,1
2348,SER-2001-356,1
2349,SER-2001-362,1
2350,SER-2001-365,1
2351,SER-2001-372,1
2352,SER-2001-385,1
2353,SER-2001-386,1
2354,SER-2001-387,1
2355,SER-2001-388,1
2356,SER-2001-389,1
2357,SER-2001-390,1
2358,SER-2001-4,1
2359,SER-2001-437,1
2360,SER-2001-44,1
2361,SER-2001-46,1
2362,SER-2001-471,1
2363,SER-2001-52,1
2364,SER-2001-524,1
2365,SER-2001-527,1
2366,SER-2001-530,1
2367,SER-2001-537,1
2368,SER-2001-541,1
2369,SER-2001-547,1
2370,SER-2001-610,1
2371,SER-2001-611,1
2372,SER-2001-612,1
2373,SER-2001-67,1
2374,SER-2001-672,1
2375,SER-2001-676,1
2376,SER-2001-68,1
2377,SER-2001-69,1
2378,SER-2001-696,1
2379,SER-2001-697,1
2380,SER-2001-70,1
2381,SER-2001-72,1
2382,SER-2001-722,1
2383,SER-2001-726,1
2384,SER-2001-73,1
2385,SER-2001-736,1
2386,SER-2001-758,1
2387,SER-2001-768,1
2388,SER-2001-769,1
2389,SER-2001-776,1
2390,SER-2001-780,1
2391,SER-2001-782,1
2392,SER-2001-783,1
2393,SER-2001-791,1
2394,SER-2001-792,1
2395,SER-2001-794,1
2396,SER-2001-81,1
2397,SER-2001-82,1
2398,SER-2001-83,1
2399,SER-2001-848,1
2400,SER-2001-850,1
2401,SER-2001-851,1
2402,SER-2001-860,1
2403,SER-2001-92,1
2404,SER-2001-921,1
2405,SER-2001-924,1
2406,SER-2001-938,1
2407,SER-2001-939,1
2408,SER-2001-942,1
2409,SER-2001-943,1
2410,SER-2001-944,1
2411,SER-2001-948,1
2412,SER-2001-953,1
2413,SER-2001-964,1
2414,SER-2001-986,1
2415,SER-2002-1006,1
2416,SER-2002-1014,1
2417,SER-2002-1056,1
2418,SER-2002-1057,1
2419,SER-2002-112,1
2420,SER-2002-1233,1
2421,SER-2002-1251,1
2422,SER-2002-1304,1
2423,SER-2002-1307,1
2424,SER-2002-1308,1
2425,SER-2002-1309,1
2426,SER-2002-1310,1
2427,SER-2002-1348,1
2428,SER-2002-1370,1
2429,SER-2002-1380,1
2430,SER-2002-1384,1
2431,SER-2002-1438,1
2432,SER-2002-146,1
2433,SER-2002-166,1
2434,SER-2002-1868,1
2435,SER-2002-241,1
2436,SER-2002-2572,1
2437,SER-2002-3,1
2438,SER-2002-32,1
2439,SER-2002-34,1
2440,SER-2002-35,1
2441,SER-2002-36,1
2442,SER-2002-468,1
2443,SER-2002-484,1
2444,SER-2002-575,1
2445,SER-2002-576,1
2446,SER-2002-600,1
2447,SER-2002-61,1
2448,SER-2002-627,1
2449,SER-2002-63,1
2450,SER-2002-64,1
2451,SER-2002-65,1
2452,SER-2002-68,1
2453,SER-2002-686,1
2454,SER-2002-69,1
2455,SER-2002-701,1
2456,SER-2002-719,1
2457,SER-2002-72,1
2458,SER-2002-763,1
2459,SER-2002-764,1
2460,SER-2002-765,1
2461,SER-2002-79,1
2462,SER-2002-80,1
2463,SER-2002-89,1
2464,SER-2002-90,1
2465,SER-2002-92,1
2466,SER-2002-95,1
2467,SER-2002-950,1
2468,SER-2003-1001,1
2469,SER-2003-1005,1
2470,SER-2003-1010,1
2471,SER-2003-1011,1
2472,SER-2003-1036,1
2473,SER-2003-1037,1
2474,SER-2003-1038,1
2475,SER-2003-1041,1
2476,SER-2003-1049,1
2477,SER-2003-1050,1
2478,SER-2003-1070,1
2479,SER-2003-1122,1
2480,SER-2003-1123,1
2481,SER-2003-1126,1
2482,SER-2003-1229,1
2483,SER-2003-1230,1
2484,SER-2003-1232,1
2485,SER-2003-1233,1
2486,SER-2003-1240,1
2487,SER-2003-1241,1
2488,SER-2003-1248,1
2489,SER-2003-1250,1
2490,SER-2003-1256,1
2491,SER-2003-128,1
2492,SER-2003-1296,1
2493,SER-2003-1298,1
2494,SER-2003-1299,1
2495,SER-2003-1300,1
2496,SER-2003-1301,1
2497,SER-2003-1302,1
2498,SER-2003-1303,1
2499,SER-2003-1304,1
2500,SER-2003-1305,1
2501,SER-2003-1306,1
2502,SER-2003-1311,1
2503,SER-2003-1317,1
2504,SER-2003-1321,1
2505,SER-2003-1324,1
2506,SER-2003-1326,1
2507,SER-2003-1328,1
2508,SER-2003-1329,1
2509,SER-2003-1331,1
2510,SER-2003-1332,1
2511,SER-2003-1360,1
2512,SER-2003-1362,1
2513,SER-2003-1365,1
2514,SER-2003-1366,1
2515,SER-2003-1368,1
2516,SER-2003-1377,1
2517,SER-2003-1378,1
2518,SER-2003-1380,1
2519,SER-2003-1381,1
2520,SER-2003-139,1
2521,SER-2003-1448,1
2522,SER-2003-1494,1
2523,SER-2003-1495,1
2524,SER-2003-1496,1
2525,SER-2003-1498,1
2526,SER-2003-1499,1
2527,SER-2003-1506,1
2528,SER-2003-1510,1
2529,SER-2003-1514,1
2530,SER-2003-1517,1
2531,SER-2003-1524,1
2532,SER-2003-1525,1
2533,SER-2003-1526,1
2534,SER-2003-1527,1
2535,SER-2003-1528,1
2536,SER-2003-1529,1
2537,SER-2003-1530,1
2538,SER-2003-1536,1
2539,SER-2003-1587,1
2540,SER-2003-1588,1
2541,SER-2003-1592,1
2542,SER-2003-1638,1
2543,SER-2003-193,1
2544,SER-2003-203,1
2545,SER-2003-204,1
2546,SER-2003-205,1
2547,SER-2003-207,1
2548,SER-2003-209,1
2549,SER-2003-210,1
2550,SER-2003-213,1
2551,SER-2003-236,1
2552,SER-2003-304,1
2553,SER-2003-305,1
2554,SER-2003-424,1
2555,SER-2003-426,1
2556,SER-2003-442,1
2557,SER-2003-443,1
2558,SER-2003-445,1
2559,SER-2003-451,1
2560,SER-2003-555,1
2561,SER-2003-557,1
2562,SER-2003-558,1
2563,SER-2003-559,1
2564,SER-2003-567,1
2565,SER-2003-568,1
2566,SER-2003-582,1
2567,SER-2003-583,1
2568,SER-2003-586,1
2569,SER-2003-597,1
2570,SER-2003-622,1
2571,SER-2003-645,1
2572,SER-2003-657,1
2573,SER-2003-658,1
2574,SER-2003-659,1
2575,SER-2003-661,1
2576,SER-2003-662,1
2577,SER-2003-668,1
2578,SER-2003-670,1
2579,SER-2003-718,1
2580,SER-2003-719,1
2581,SER-2003-720,1
2582,SER-2003-721,1
2583,SER-2003-722,1
2584,SER-2003-723,1
2585,SER-2003-769,1
2586,SER-2003-770,1
2587,SER-2003-772,1
2588,SER-2003-773,1
2589,SER-2003-774,1
2590,SER-2003-807,1
2591,SER-2003-820,1
2592,SER-2003-823,1
2593,SER-2003-828,1
2594,SER-2003-829,1
2595,SER-2003-830,1
2596,SER-2003-834,1
2597,SER-2003-852,1
2598,SER-2003-853,1
2599,SER-2003-854,1
2600,SER-2003-855,1
2601,SER-2003-867,1
2602,SER-2003-868,1
2603,SER-2003-869,1
2604,SER-2003-872,1
2605,SER-2003-873,1
2606,SER-2003-874,1
2607,SER-2003-894,1
2608,SER-2003-895,1
2609,SER-2003-896,1
2610,SER-2003-912,1
2611,SER-2003-913,1
2612,SER-2003-935,1
2613,SER-2003-938,1
2614,SER-2003-947,1
2615,SER-2003-948,1
2616,SER-2003-949,1
2617,SER-2003-950,1
2618,SER-2003-957,1
2619,SER-2004-1027,1
2620,SER-2004-1028,1
2621,SER-2004-1060,1
2622,SER-2004-1064,1
2623,SER-2004-1068,1
2624,SER-2004-1083,1
2625,SER-2004-1084,1
2626,SER-2004-1094,1
2627,SER-2004-1100,1
2628,SER-2004-134,1
2629,SER-2004-136,1
2630,SER-2004-142,1
2631,SER-2004-1503,1
2632,SER-2004-1523,1
2633,SER-2004-1536,1
2634,SER-2004-1541,1
2635,SER-2004-1548,1
2636,SER-2004-1585,1
2637,SER-2004-1590,1
2638,SER-2004-1593,1
2639,SER-2004-1595,1
2640,SER-2004-1600,1
2641,SER-2004-1601,1
2642,SER-2004-1602,1
2643,SER-2004-1603,1
2644,SER-2004-1604,1
2645,SER-2004-1611,1
2646,SER-2004-1615,1
2647,SER-2004-1635,1
2648,SER-2004-1637,1
2649,SER-2004-1638,1
2650,SER-2004-1657,1
2651,SER-2004-1659,1
2652,SER-2004-1675,1
2653,SER-2004-1678,1
2654,SER-2004-1679,1
2655,SER-2004-1680,1
2656,SER-2004-1682,1
2657,SER-2004-1685,1
2658,SER-2004-1693,1
2659,SER-2004-1745,1
2660,SER-2004-1758,1
2661,SER-2004-1772,1
2662,SER-2004-1781,1
2663,SER-2004-18,1
2664,SER-2004-1837,1
2665,SER-2004-1838,1
2666,SER-2004-1846,1
2667,SER-2004-1847,1
2668,SER-2004-1849,1
2669,SER-2004-1866,1
2670,SER-2004-1881,1
2671,SER-2004-1898,1
2672,SER-2004-1899,1
2673,SER-2004-19,1
2674,SER-2004-20,1
2675,SER-2004-222,1
2676,SER-2004-232,1
2677,SER-2004-236,1
2678,SER-2004-239,1
2679,SER-2004-24,1
2680,SER-2004-243,1
2681,SER-2004-244,1
2682,SER-2004-246,1
2683,SER-2004-247,1
2684,SER-2004-250,1
2685,SER-2004-251,1
2686,SER-2004-267,1
2687,SER-2004-268,1
2688,SER-2004-269,1
2689,SER-2004-277,1
2690,SER-2004-299,1
2691,SER-2004-300,1
2692,SER-2004-301,1
2693,SER-2004-302,1
2694,SER-2004-31,1
2695,SER-2004-310,1
2696,SER-2004-32,1
2697,SER-2004-337,1
2698,SER-2004-346,1
2699,SER-2004-347,1
2700,SER-2004-360,1
2701,SER-2004-366,1
2702,SER-2004-387,1
2703,SER-2004-393,1
2704,SER-2004-400,1
2705,SER-2004-414,1
2706,SER-2004-415,1
2707,SER-2004-418,1
2708,SER-2004-425,1
2709,SER-2004-427,1
2710,SER-2004-428,1
2711,SER-2004-44,1
2712,SER-2004-448,1
2713,SER-2004-456,1
2714,SER-2004-457,1
2715,SER-2004-46,1
2716,SER-2004-47,1
2717,SER-2004-470,1
2718,SER-2004-474,1
2719,SER-2004-475,1
2720,SER-2004-478,1
2721,SER-2004-486,1
2722,SER-2004-50,1
2723,SER-2004-510,1
2724,SER-2004-514,1
2725,SER-2004-515,1
2726,SER-2004-516,1
2727,SER-2004-52,1
2728,SER-2004-531,1
2729,SER-2004-549,1
2730,SER-2004-553,1
2731,SER-2004-555,1
2732,SER-2004-556,1
2733,SER-2004-558,1
2734,SER-2004-56,1
2735,SER-2004-580,1
2736,SER-2004-581,1
2737,SER-2004-587,1
2738,SER-2004-606,1
2739,SER-2004-607,1
2740,SER-2004-622,1
2741,SER-2004-623,1
2742,SER-2004-633,1
2743,SER-2004-634,1
2744,SER-2004-635,1
2745,SER-2004-661,1
2746,SER-2004-668,1
2747,SER-2004-67,1
2748,SER-2004-675,1
2749,SER-2004-676,1
2750,SER-2004-689,1
2751,SER-2004-697,1
2752,SER-2004-70,1
2753,SER-2004-709,1
2754,SER-2004-71,1
2755,SER-2004-712,1
2756,SER-2004-716,1
2757,SER-2004-717,1
2758,SER-2004-75,1
2759,SER-2004-76,1
2760,SER-2004-77,1
2761,SER-2004-775,1
2762,SER-2004-776,1
2763,SER-2004-811,1
2764,SER-2004-813,1
2765,SER-2004-814,1
2766,SER-2004-816,1
2767,SER-2004-821,1
2768,SER-2004-839,1
2769,SER-2004-840,1
2770,SER-2004-841,1
2771,SER-2004-859,1
2772,SER-2004-863,1
2773,SER-2004-864,1
2774,SER-2004-865,1
2775,SER-2004-873,1
2776,SER-2004-874,1
2777,SER-2004-876,1
2778,SER-2004-877,1
2779,SER-2004-878,1
2780,SER-2004-880,1
2781,SER-2004-881,1
2782,SER-2004-882,1
2783,SER-2004-9,1
2784,SER-2004-903,1
2785,SER-2004-904,1
2786,SER-2004-94,1
2787,SER-2004-940,1
2788,SER-2004-942,1
2789,SER-2004-943,1
2790,SER-2004-946,1
2791,SER-2004-95,1
2792,SER-2004-962,1
2793,SER-2004-963,1
2794,SER-2004-965,1
2795,SER-2004-966,1
2796,SER-2004-968,1
2797,SER-2004-970,1
2798,SER-2004-978,1
2799,SER-2004-981,1
2800,SER-2004-995,1
2801,SER-2004-996,1
2802,SER-2005-142,1
2803,SER-2005-163,1
2804,SER-2005-182,1
2805,SER-2005-2058,1
2806,SER-2005-207,1
2807,SER-2005-2111,1
2808,SER-2005-2179,1
2809,SER-2005-253,1
2810,SER-2005-3022,1
2811,SER-2005-3204,1
2812,SER-2005-3206,1
2813,SER-2005-3348,1
2814,SER-2005-3498,1
2815,SER-2005-3550,1
2816,SER-2005-3584,1
2817,SER-2005-3664,1
2818,SER-2005-3794,1
2819,SER-2005-3796,1
2820,SER-2005-3829,1
2821,SER-2005-3873,1
2822,SER-2005-3876,1
2823,SER-2005-3877,1
2824,SER-2005-3908,1
2825,SER-2005-4032,1
2826,SER-2005-407,1
2827,SER-2005-4100,1
2828,SER-2005-4101,1
2829,SER-2005-4110,1
2830,SER-2005-4181,1
2831,SER-2005-4187,1
2832,SER-2005-4309,1
2833,SER-2005-4312,1
2834,SER-2005-4314,1
2835,SER-2005-4315,1
2836,SER-2005-4316,1
2837,SER-2005-4344,1
2838,SER-2005-4386,1
2839,SER-2005-440,1
2840,SER-2005-4646,1
2841,SER-2005-4664,1
2842,SER-2005-4668,1
2843,SER-2005-4730,1
2844,SER-2005-5077,1
2845,SER-2005-534,1
2846,SER-2005-5349,1
2847,SER-2005-5485,1
2848,SER-2005-5487,1
2849,SER-2005-549,1
2850,SER-2005-562,1
2851,SER-2005-5676,1
2852,SER-2005-5740,1
2853,SER-2005-586,1
2854,SER-2005-590,1
2855,SER-2005-591,1
2856,SER-2005-594,1
2857,SER-2005-5994,1
2858,SER-2005-6002,1
2859,SER-2005-6004,1
2860,SER-2005-6012,1
2861,SER-2005-6105,1
2862,SER-2005-6153,1
2863,SER-2005-621,1
2864,SER-2005-6219,1
2865,SER-2005-6221,1
2866,SER-2005-6252,1
2867,SER-2005-626,1
2868,SER-2005-6319,1
2869,SER-2005-6320,1
2870,SER-2005-6395,1
2871,SER-2005-6406,1
2872,SER-2005-643,1
2873,SER-2005-6590,1
2874,SER-2005-6591,1
2875,SER-2005-6592,1
2876,SER-2005-6593,1
2877,SER-2005-6594,1
2878,SER-2005-673,1
2879,SER-2005-6774,1
2880,SER-2005-6818,1
2881,SER-2005-6832,1
2882,SER-2005-6855,1
2883,SER-2005-6865,1
2884,SER-2005-6880,1
2885,SER-2005-6994,1
2886,SER-2005-7112,1
2887,SER-2005-7119,1
2888,SER-2005-7141,1
2889,SER-2005-7145,1
2890,SER-2005-7323,1
2891,SER-2005-764,1
2892,SER-2005-859,1
2893,SER-2005-91,1
2894,SER-2006-1009,1
2895,SER-2006-103,1
2896,SER-2006-1145,1
2897,SER-2006-1147,1
2898,SER-2006-1158,1
2899,SER-2006-1161,1
2900,SER-2006-1163,1
2901,SER-2006-1165,1
2902,SER-2006-1206,1
2903,SER-2006-1508,1
2904,SER-2006-1605,1
2905,SER-2006-1612,1
2906,SER-2006-1617,1
2907,SER-2006-167,1
2908,SER-2006-1704,1
2909,SER-2006-1705,1
2910,SER-2006-1744,1
2911,SER-2006-1874,1
2912,SER-2006-1875,1
2913,SER-2006-1876,1
2914,SER-2006-1877,1
2915,SER-2006-1878,1
2916,SER-2006-1880,1
2917,SER-2006-1890,1
2918,SER-2006-1990,1
2919,SER-2006-1994,1
2920,SER-2006-201,1
2921,SER-2006-2186,1
2922,SER-2006-2187,1
2923,SER-2006-2203,1
2924,SER-2006-2208,1
2925,SER-2006-2272,1
2926,SER-2006-230,1
2927,SER-2006-2390,1
2928,SER-2006-2392,1
2929,SER-2006-2393,1
2930,SER-2006-2411,1
2931,SER-2006-2412,1
2932,SER-2006-2413,1
2933,SER-2006-2418,1
2934,SER-2006-2517,1
2935,SER-2006-2525,1
2936,SER-2006-2606,1
2937,SER-2006-2612,1
2938,SER-2006-2613,1
2939,SER-2006-2614,1
2940,SER-2006-2617,1
2941,SER-2006-2618,1
2942,SER-2006-2665,1
2943,SER-2006-2685,1
2944,SER-2006-2686,1
2945,SER-2006-2704,1
2946,SER-2006-2747,1
2947,SER-2006-2769,1
2948,SER-2006-2787,1
2949,SER-2006-2845,1
2950,SER-2006-2847,1
2951,SER-2006-2967,1
2952,SER-2006-303,1
2953,SER-2006-3066,1
2954,SER-2006-3089,1
2955,SER-2006-3090,1
2956,SER-2006-3115,1
2957,SER-2006-3116,1
2958,SER-2006-3117,1
2959,SER-2006-3120,1
2960,SER-2006-3162,1
2961,SER-2006-317,1
2962,SER-2006-320,1
2963,SER-2006-327,1
2964,SER-2006-3283,1
2965,SER-2006-329,1
2966,SER-2006-3327,1
2967,SER-2006-3400,1
2968,SER-2006-345,1
2969,SER-2006-3480,1
2970,SER-2006-3484,1
2971,SER-2006-3586,1
2972,SER-2006-375,1
2973,SER-2006-3856,1
2974,SER-2006-389,1
2975,SER-2006-390,1
2976,SER-2006-3960,1
2977,SER-2006-4032,1
2978,SER-2006-4033,1
2979,SER-2006-4059,1
2980,SER-2006-4107,1
2981,SER-2006-4119,1
2982,SER-2006-4120,1
2983,SER-2006-4155,1
2984,SER-2006-4296,1
2985,SER-2006-4297,1
2986,SER-2006-4311,1
2987,SER-2006-4312,1
2988,SER-2006-4314,1
2989,SER-2006-4371,1
2990,SER-2006-4379,1
2991,SER-2006-4405,1
2992,SER-2006-444,1
2993,SER-2006-4446,1
2994,SER-2006-4447,1
2995,SER-2006-4508,1
2996,SER-2006-4509,1
2997,SER-2006-4564,1
2998,SER-2006-4567,1
2999,SER-2006-4569,1
3000,SER-2006-4570,1
3001,SER-2006-4571,1
3002,SER-2006-4651,1
3003,SER-2006-469,1
3004,SER-2006-474,1
3005,SER-2006-4752,1
3006,SER-2006-483,1
3007,SER-2006-4831,1
3008,SER-2006-484,1
3009,SER-2006-4898,1
3010,SER-2006-4981,1
3011,SER-2006-4990,1
3012,SER-2006-4991,1
3013,SER-2006-5046,1
3014,SER-2006-5069,1
3015,SER-2006-5147,1
3016,SER-2006-5149,1
3017,SER-2006-5150,1
3018,SER-2006-5457,1
3019,SER-2006-5680,1
3020,SER-2006-5740,1
3021,SER-2006-5748,1
3022,SER-2006-5758,1
3023,SER-2006-5808,1
3024,SER-2006-5813,1
3025,SER-2006-5845,1
3026,SER-2006-5862,1
3027,SER-2006-5874,1
3028,SER-2006-5895,1
3029,SER-2006-593,1
3030,SER-2006-615,1
3031,SER-2006-6234,1
3032,SER-2006-6333,1
3033,SER-2006-6356,1
3034,SER-2006-6409,1
3035,SER-2006-6452,1
3036,SER-2006-6453,1
3037,SER-2006-6504,1
3038,SER-2006-651,1
3039,SER-2006-652,1
3040,SER-2006-6548,1
3041,SER-2006-6568,1
3042,SER-2006-6685,1
3043,SER-2006-6686,1
3044,SER-2006-6688,1
3045,SER-2006-7419,1
3046,SER-2006-81,1
3047,SER-2006-823,1
3048,SER-2006-826,1
3049,SER-2006-83,1
3050,SER-2006-84,1
3051,SER-2006-845,1
3052,SER-2006-956,1
3053,SER-2006-957,1
3054,SER-2006-958,1
3055,SER-2007-1243,1
3056,SER-2007-1631,1
3057,SER-2007-1687,1
3058,SER-2007-1836,1
3059,SER-2007-1841,1
3060,SER-2007-1856,1
3061,SER-2007-1875,1
3062,SER-2007-1962,1
3063,SER-2007-20,1
3064,SER-2007-2000,1
3065,SER-2007-2173,1
3066,SER-2007-2213,1
3067,SER-2007-2240,1
3068,SER-2007-2242,1
3069,SER-2007-2243,1
3070,SER-2007-2245,1
3071,SER-2007-23,1
3072,SER-2007-2532,1
3073,SER-2007-2577,1
3074,SER-2007-2610,1
3075,SER-2007-2611,1
3076,SER-2007-2625,1
3077,SER-2007-2631,1
3078,SER-2007-2648,1
3079,SER-2007-2658,1
3080,SER-2007-2733,1
3081,SER-2007-277,1
3082,SER-2007-283,1
3083,SER-2007-2930,1
3084,SER-2007-2965,1
3085,SER-2007-3026,1
3086,SER-2007-3027,1
3087,SER-2007-3141,1
3088,SER-2007-3162,1
3089,SER-2007-3213,1
3090,SER-2007-3549,1
3091,SER-2007-3601,1
3092,SER-2007-3726,1
3093,SER-2007-3743,1
3094,SER-2007-3886,1
3095,SER-2007-3929,1
3096,SER-2007-3974,1
3097,SER-2007-40,1
3098,SER-2007-41,1
3099,SER-2007-4210,1
3100,SER-2007-4216,1
3101,SER-2007-4373,1
3102,SER-2007-4375,1
3103,SER-2007-4377,1
3104,SER-2007-4398,1
3105,SER-2007-44,1
3106,SER-2007-445,1
3107,SER-2007-449,1
3108,SER-2007-4572,1
3109,SER-2007-475,1
3110,SER-2007-476,1
3111,SER-2007-4776,1
3112,SER-2007-4777,1
3113,SER-2007-5000,1
3114,SER-2007-5006,1
3115,SER-2007-5103,1
3116,SER-2007-5172,1
3117,SER-2007-5322,1
3118,SER-2007-5708,1
3119,SER-2007-5814,1
3120,SER-2007-5877,1
3121,SER-2007-5878,1
3122,SER-2007-5893,1
3123,SER-2007-592,1
3124,SER-2007-593,1
3125,SER-2007-5930,1
3126,SER-2007-5980,1
3127,SER-2007-5993,1
3128,SER-2007-6097,1
3129,SER-2007-61,1
3130,SER-2007-6101,1
3131,SER-2007-6519,1
3132,SER-2007-6578,1
3133,SER-2007-6610,1
3134,SER-2007-6720,1
3135,SER-2007-6794,1
3136,SER-2007-6849,1
3137,SER-2007-706,1
3138,SER-2007-7089,1
3139,SER-2007-7179,1
3140,SER-2007-7270,1
3141,SER-2007-7292,1
3142,SER-2007-7397,1
3143,SER-2007-7398,1
3144,SER-2007-7507,1
3145,SER-2007-7508,1
3146,SER-2007-7768,1
3147,SER-2007-7770,1
3148,SER-2007-7858,1
3149,SER-2007-7907,1
3150,SER-2007-7910,1
3151,SER-2007-8537,1
3152,SER-2007-9196,1
3153,SER-2007-956,1
3154,SER-2007-99,1
3155,SER-2008-1152,1
3156,SER-2008-1216,1
3157,SER-2008-1241,1
3158,SER-2008-1309,1
3159,SER-2008-1432,1
3160,SER-2008-1434,1
3161,SER-2008-155,1
3162,SER-2008-1550,1
3163,SER-2008-165,1
3164,SER-2008-166,1
3165,SER-2008-1916,1
3166,SER-2008-2091,1
3167,SER-2008-2117,1
3168,SER-2008-2268,1
3169,SER-2008-2277,1
3170,SER-2008-2397,1
3171,SER-2008-240,1
3172,SER-2008-2424,1
3173,SER-2008-2496,1
3174,SER-2008-25,1
3175,SER-2008-2512,1
3176,SER-2008-260,1
3177,SER-2008-2690,1
3178,SER-2008-2695,1
3179,SER-2008-2699,1
3180,SER-2008-2714,1
3181,SER-2008-2792,1
3182,SER-2008-2875,1
3183,SER-2008-3113,1
3184,SER-2008-3114,1
3185,SER-2008-328,1
3186,SER-2008-330,1
3187,SER-2008-3401,1
3188,SER-2008-3403,1
3189,SER-2008-3593,1
3190,SER-2008-3780,1
3191,SER-2008-3781,1
3192,SER-2008-3783,1
3193,SER-2008-3784,1
3194,SER-2008-3974,1
3195,SER-2008-3977,1
3196,SER-2008-4299,1
3197,SER-2008-4672,1
3198,SER-2008-4680,1
3199,SER-2008-475,1
3200,SER-2008-476,1
3201,SER-2008-4809,1
3202,SER-2008-485,1
3203,SER-2008-4864,1
3204,SER-2008-5047,1
3205,SER-2008-5048,1
3206,SER-2008-5078,1
3207,SER-2008-5162,1
3208,SER-2008-5296,1
3209,SER-2008-5297,1
3210,SER-2008-5365,1
3211,SER-2008-5512,1
3212,SER-2008-5896,1
3213,SER-2008-6260,1
3214,SER-2008-6318,1
3215,SER-2008-6608,1
3216,SER-2008-6796,1
3217,SER-2008-6864,1
3218,SER-2008-696,1
3219,SER-2008-704,1
3220,SER-2008-7153,1
3221,SER-2008-7207,1
3222,SER-2008-7242,1
3223,SER-2008-7244,1
3224,SER-2008-7400,1
3225,SER-2008-7401,1
3226,SER-2008-7403,1
3227,SER-2008-7404,1
3228,SER-2008-7405,1
3229,SER-2008-7406,1
3230,SER-2008-7407,1
3231,SER-2008-7408,1
3232,SER-2008-7409,1
3233,SER-2008-7418,1
3234,SER-2008-7419,1
3235,SER-2008-7420,1
3236,SER-2008-7421,1
3237,SER-2008-7422,1
3238,SER-2008-7424,1
3239,SER-2008-7459,1
3240,SER-2008-7460,1
3241,SER-2008-7601,1
3242,SER-2008-7602,1
3243,SER-2008-7604,1
3244,SER-2008-7644,1
3245,SER-2008-7684,1
3246,SER-2008-7704,1
3247,SER-2008-7714,1
3248,SER-2008-7718,1
3249,SER-2008-7723,1
3250,SER-2008-7724,1
3251,SER-2008-7813,1
3252,SER-2008-7816,1
3253,SER-2008-7821,1
3254,SER-2008-7822,1
3255,SER-2008-7823,1
3256,SER-2008-7848,1
3257,SER-2008-7851,1
3258,SER-2008-7852,1
3259,SER-2008-7853,1
3260,SER-2008-7855,1
3261,SER-2008-7856,1
3262,SER-2008-788,1
3263,SER-2008-7887,1
3264,SER-2008-789,1
3265,SER-2008-7890,1
3266,SER-2008-7930,1
3267,SER-2008-7933,1
3268,SER-2008-7951,1
3269,SER-2008-7969,1
3270,SER-2008-7982,1
3271,SER-2008-8,1
3272,SER-2008-8032,1
3273,SER-2008-8046,1
3274,SER-2008-823,1
3275,SER-2008-8263,1
3276,SER-2008-8265,1
3277,SER-2008-8377,1
3278,SER-2008-8622,1
3279,SER-2008-8656,1
3280,SER-2008-8737,1
3281,SER-2008-9037,1
3282,SER-2008-9174,1
3283,SER-2008-998,1
3284,SER-2009-1243,1
3285,SER-2009-1439,1
3286,SER-2009-161,1
3287,SER-2009-1805,1
3288,SER-2009-1874,1
3289,SER-2009-1876,1
3290,SER-2009-188,1
3291,SER-2009-1922,1
3292,SER-2009-1925,1
3293,SER-2009-199,1
3294,SER-2009-1999,1
3295,SER-2009-2178,1
3296,SER-2009-2224,1
3297,SER-2009-2238,1
3298,SER-2009-2295,1
3299,SER-2009-2402,1
3300,SER-2009-2410,1
3301,SER-2009-2426,1
3302,SER-2009-2427,1
3303,SER-2009-2428,1
3304,SER-2009-2439,1
3305,SER-2009-2574,1
3306,SER-2009-2598,1
3307,SER-2009-260,1
3308,SER-2009-2600,1
3309,SER-2009-2616,1
3310,SER-2009-2678,1
3311,SER-2009-2768,1
3312,SER-2009-2771,1
3313,SER-2009-2774,1
3314,SER-2009-2874,1
3315,SER-2009-3075,1
3316,SER-2009-3132,1
3317,SER-2009-3279,1
3318,SER-2009-3282,1
3319,SER-2009-3306,1
3320,SER-2009-3315,1
3321,SER-2009-3359,1
3322,SER-2009-3362,1
3323,SER-2009-3366,1
3324,SER-2009-3369,1
3325,SER-2009-3380,1
3326,SER-2009-339,1
3327,SER-2009-3432,1
3328,SER-2009-3435,1
3329,SER-2009-3436,1
3330,SER-2009-3520,1
3331,SER-2009-3524,1
3332,SER-2009-3788,1
3333,SER-2009-3840,1
3334,SER-2009-3928,1
3335,SER-2009-3934,1
3336,SER-2009-4026,1
3337,SER-2009-4099,1
3338,SER-2009-4192,1
3339,SER-2009-4319,1
3340,SER-2009-4555,1
3341,SER-2009-4557,1
3342,SER-2009-458,1
3343,SER-2009-4627,1
3344,SER-2009-5156,1
3345,SER-2009-5390,1
3346,SER-2009-54,1
3347,SER-2009-5427,1
3348,SER-2009-5506,1
3349,SER-2009-5663,1
3350,SER-2009-5664,1
3351,SER-2009-5681,1
3352,SER-2009-57,1
3353,SER-2009-58,1
3354,SER-2009-5819,1
3355,SER-2009-5828,1
3356,SER-2009-5854,1
3357,SER-2009-641,1
3358,SER-2009-6575,1
3359,SER-2009-6578,1
3360,SER-2009-6579,1
3361,SER-2009-6941,1
3362,SER-2009-6943,1
3363,SER-2009-7133,1
3364,SER-2009-7134,1
3365,SER-2009-717,1
3366,SER-2009-7171,1
3367,SER-2009-7173,1
3368,SER-2009-7174,1
3369,SER-2009-7175,1
3370,SER-2009-7176,1
3371,SER-2009-7203,1
3372,SER-2009-7204,1
3373,SER-2009-7205,1
3374,SER-2009-7206,1
3375,SER-2009-7207,1
3376,SER-2009-7208,1
3377,SER-2009-7209,1
3378,SER-2009-7210,1
3379,SER-2009-737,1
3380,SER-2009-739,1
3381,SER-2009-7429,1
3382,SER-2009-7430,1
3383,SER-2009-7432,1
3384,SER-2009-7433,1
3385,SER-2009-7434,1
3386,SER-2009-835,1
3387,SER-2009-837,1
3388,SER-2009-839,1
3389,SER-2009-850,1
3390,SER-2009-914,1
3391,SER-2009-917,1
3392,SER-2009-928,1
3393,SER-2009-947,1
3394,SER-2010-1006,1
3395,SER-2010-106,1
3396,SER-2010-1170,1
3397,SER-2010-1507,1
3398,SER-2010-1647,1
3399,SER-2010-17,1
3400,SER-2010-1706,1
3401,SER-2010-1736,1
3402,SER-2010-1870,1
3403,SER-2010-2065,1
3404,SER-2010-2105,1
3405,SER-2010-2354,1
3406,SER-2010-2372,1
3407,SER-2010-240,1
3408,SER-2010-2578,1
3409,SER-2010-2652,1
3410,SER-2010-2694,1
3411,SER-2010-287,1
3412,SER-2010-311,1
3413,SER-2010-3187,1
3414,SER-2010-3200,1
3415,SER-2010-3235,1
3416,SER-2010-3236,1
3417,SER-2010-3237,1
3418,SER-2010-341,1
3419,SER-2010-3432,1
3420,SER-2010-3805,1
3421,SER-2010-385,1
3422,SER-2010-393,1
3423,SER-2010-394,1
3424,SER-2010-3957,1
3425,SER-2010-3958,1
3426,SER-2010-3975,1
3427,SER-2010-3985,1
3428,SER-2010-435,1
3429,SER-2010-440,1
3430,SER-2010-4462,1
3431,SER-2010-4468,1
3432,SER-2010-4547,1
3433,SER-2010-4637,1
3434,SER-2010-4691,1
3435,SER-2010-4743,1
3436,SER-2010-4816,1
3437,SER-2010-4817,1
3438,SER-2010-4858,1
3439,SER-2010-4859,1
3440,SER-2010-5138,1
3441,SER-2010-5160,1
3442,SER-2010-5177,1
3443,SER-2010-531,1
3444,SER-2010-5396,1
3445,SER-2010-5453,1
3446,SER-2010-5539,1
3447,SER-2010-5573,1
3448,SER-2010-5580,1
3449,SER-2010-5599,1
3450,SER-2010-5677,1
3451,SER-2010-5808,1
3452,SER-2010-5886,1
3453,SER-2010-5897,1
3454,SER-2010-5904,1
3455,SER-2010-5949,1
3456,SER-2010-6046,1
3457,SER-2010-6069,1
3458,SER-2010-6079,1
3459,SER-2010-6187,1
3460,SER-2010-6188,1
3461,SER-2010-6196,1
3462,SER-2010-6207,1
3463,SER-2010-6209,1
3464,SER-2010-6664,1
3465,SER-2010-6829,1
3466,SER-2010-6830,1
3467,SER-2010-879,1
3468,SER-2010-978,1
3469,SER-2010-993,1
3470,SER-2010-995,1
3471,SER-2011-101,1
3472,SER-2011-1260,1
3473,SER-2011-1262,1
3474,SER-2011-1491,1
3475,SER-2011-1512,1
3476,SER-2011-1538,1
3477,SER-2011-1600,1
3478,SER-2011-1612,1
3479,SER-2011-1663,1
3480,SER-2011-1779,1
3481,SER-2011-1789,1
3482,SER-2011-1886,1
3483,SER-2011-1941,1
3484,SER-2011-1969,1
3485,SER-2011-1971,1
3486,SER-2011-2018,1
3487,SER-2011-2039,1
3488,SER-2011-2081,1
3489,SER-2011-2212,1
3490,SER-2011-2404,1
3491,SER-2011-2985,1
3492,SER-2011-3016,1
3493,SER-2011-3020,1
3494,SER-2011-3127,1
3495,SER-2011-318,1
3496,SER-2011-3203,1
3497,SER-2011-3249,1
3498,SER-2011-3399,1
3499,SER-2011-3440,1
3500,SER-2011-3477,1
3501,SER-2011-3521,1
3502,SER-2011-3608,1
3503,SER-2011-3635,1
3504,SER-2011-3684,1
3505,SER-2011-3767,1
3506,SER-2011-3860,1
3507,SER-2011-3916,1
3508,SER-2011-4705,1
3509,SER-2011-4838,1
3510,SER-2011-4839,1
3511,SER-2011-4953,1
3512,SER-2011-5287,1
3513,SER-2011-5358,1
3514,SER-2011-5380,1
3515,SER-2011-5384,1
3516,SER-2011-5386,1
3517,SER-2011-5448,1
3518,SER-2011-5484,1
3519,SER-2011-55,1
3520,SER-2011-556,1
3521,SER-2011-5564,1
3522,SER-2011-5660,1
3523,SER-2011-569,1
3524,SER-2011-5828,1
3525,SER-2011-5829,1
3526,SER-2011-5861,1
3527,SER-2011-5919,1
3528,SER-2011-5993,1
3529,SER-2011-6121,1
3530,SER-2011-6123,1
3531,SER-2011-6124,1
3532,SER-2011-6142,1
3533,SER-2011-6155,1
3534,SER-2011-6412,1
3535,SER-2011-6438,1
3536,SER-2011-6441,1
3537,SER-2011-6442,1
3538,SER-2011-6443,1
3539,SER-2011-6444,1
3540,SER-2011-6445,1
3541,SER-2011-6446,1
3542,SER-2011-6447,1
3543,SER-2011-6448,1
3544,SER-2011-6449,1
3545,SER-2011-6453,1
3546,SER-2011-6454,1
3547,SER-2011-6455,1
3548,SER-2011-6456,1
3549,SER-2011-6457,1
3550,SER-2011-6458,1
3551,SER-2011-6461,1
3552,SER-2011-6462,1
3553,SER-2011-6463,1
3554,SER-2011-6464,1
3555,SER-2011-6465,1
3556,SER-2011-6466,1
3557,SER-2011-6467,1
3558,SER-2011-6468,1
3559,SER-2011-6469,1
3560,SER-2011-6479,1
3561,SER-2011-6538,1
3562,SER-2011-6550,1
3563,SER-2011-724,1
3564,SER-2011-728,1
3565,SER-2011-730,1
3566,SER-2011-827,1
3567,SER-2011-832,1
3568,SER-2012-1015,1
3569,SER-2012-1016,1
3570,SER-2012-1019,1
3571,SER-2012-1087,1
3572,SER-2012-1089,1
3573,SER-2012-1090,1
3574,SER-2012-1174,1
3575,SER-2012-1186,1
3576,SER-2012-1214,1
3577,SER-2012-1216,1
3578,SER-2012-1245,1
3579,SER-2012-1268,1
3580,SER-2012-1402,1
3581,SER-2012-1403,1
3582,SER-2012-1594,1
3583,SER-2012-1609,1
3584,SER-2012-1612,1
3585,SER-2012-1624,1
3586,SER-2012-1635,1
3587,SER-2012-1638,1
3588,SER-2012-1696,1
3589,SER-2012-1722,1
3590,SER-2012-1725,1
3591,SER-2012-1736,1
3592,SER-2012-1737,1
3593,SER-2012-1738,1
3594,SER-2012-1783,1
3595,SER-2012-1784,1
3596,SER-2012-1787,1
3597,SER-2012-180,1
3598,SER-2012-1838,1
3599,SER-2012-1895,1
3600,SER-2012-1896,1
3601,SER-2012-1897,1
3602,SER-2012-1899,1
3603,SER-2012-1900,1
3604,SER-2012-1901,1
3605,SER-2012-1902,1
3606,SER-2012-1916,1
3607,SER-2012-1943,1
3608,SER-2012-1957,1
3609,SER-2012-1962,1
3610,SER-2012-2009,1
3611,SER-2012-2026,1
3612,SER-2012-2027,1
3613,SER-2012-2028,1
3614,SER-2012-2065,1
3615,SER-2012-2090,1
3616,SER-2012-2091,1
3617,SER-2012-2095,1
3618,SER-2012-2133,1
3619,SER-2012-2134,1
3620,SER-2012-2135,1
3621,SER-2012-2149,1
3622,SER-2012-2219,1
3623,SER-2012-2220,1
3624,SER-2012-2221,1
3625,SER-2012-2222,1
3626,SER-2012-2255,1
3627,SER-2012-2273,1
3628,SER-2012-2285,1
3629,SER-2012-2288,1
3630,SER-2012-2295,1
3631,SER-2012-2313,1
3632,SER-2012-2334,1
3633,SER-2012-2484,1
3634,SER-2012-2522,1
3635,SER-2012-2525,1
3636,SER-2012-2526,1
3637,SER-2012-2555,1
3638,SER-2012-2556,1
3639,SER-2012-2557,1
3640,SER-2012-2585,1
3641,SER-2012-2587,1
3642,SER-2012-2714,1
3643,SER-2012-2760,1
3644,SER-2012-2818,1
3645,SER-2012-2819,1
3646,SER-2012-2861,1
3647,SER-2012-2862,1
3648,SER-2012-2863,1
3649,SER-2012-2864,1
3650,SER-2012-2866,1
3651,SER-2012-2867,1
3652,SER-2012-2877,1
3653,SER-2012-2932,1
3654,SER-2012-2992,1
3655,SER-2012-3007,1
3656,SER-2012-3009,1
3657,SER-2012-3010,1
3658,SER-2012-3011,1
3659,SER-2012-3018,1
3660,SER-2012-3034,1
3661,SER-2012-3075,1
3662,SER-2012-3076,1
3663,SER-2012-3109,1
3664,SER-2012-321,1
3665,SER-2012-3229,1
3666,SER-2012-3230,1
3667,SER-2012-3305,1
3668,SER-2012-3306,1
3669,SER-2012-3339,1
3670,SER-2012-3365,1
3671,SER-2012-3366,1
3672,SER-2012-3368,1
3673,SER-2012-3369,1
3674,SER-2012-3370,1
3675,SER-2012-3394,1
3676,SER-2012-3498,1
3677,SER-2012-3500,1
3678,SER-2012-3624,1
3679,SER-2012-3625,1
3680,SER-2012-3626,1
3681,SER-2012-3627,1
3682,SER-2012-3652,1
3683,SER-2012-3653,1
3684,SER-2012-3662,1
3685,SER-2012-3691,1
3686,SER-2012-3734,1
3687,SER-2012-3735,1
3688,SER-2012-3740,1
3689,SER-2012-3743,1
3690,SER-2012-3748,1
3691,SER-2012-3749,1
3692,SER-2012-3750,1
3693,SER-2012-3752,1
3694,SER-2012-3779,1
3695,SER-2012-3780,1
3696,SER-2012-3781,1
3697,SER-2012-3782,1
3698,SER-2012-3829,1
3699,SER-2012-3832,1
3700,SER-2012-3930,1
3701,SER-2012-3932,1
3702,SER-2012-3964,1
3703,SER-2012-3965,1
3704,SER-2012-3966,1
3705,SER-2012-400,1
3706,SER-2012-4002,1
3707,SER-2012-4003,1
3708,SER-2012-4092,1
3709,SER-2012-4142,1
3710,SER-2012-4144,1
3711,SER-2012-4145,1
3712,SER-2012-4163,1
3713,SER-2012-4297,1
3714,SER-2012-4345,1
3715,SER-2012-4385,1
3716,SER-2012-4391,1
3717,SER-2012-458,1
3718,SER-2012-501,1
3719,SER-2012-515,1
3720,SER-2012-539,1
3721,SER-2012-564,1
3722,SER-2012-634,1
3723,SER-2012-638,1
3724,SER-2012-663,1
3725,SER-2012-676,1
3726,SER-2012-72,1
3727,SER-2012-73,1
3728,SER-2012-74,1
3729,SER-2012-858,1
3730,SER-2012-920,1
3731,SER-2012-921,1
3732,SER-2012-923,1
3733,SER-2012-924,1
3734,SER-2012-960,1
3735,SER-2012-972,1
3736,SER-2012-973,1
3737,SER-2012-977,1
3738,SER-2012-986,1
3739,SER-2012-992,1
3740,SWR-1995-190,1
3741,SWR-1997-1294,1
3742,SWR-1998-1333,1
3743,SWR-1998-1706,1
3744,SWR-1998-1781,1
3745,SWR-1998-1785,1
3746,SWR-1998-1786,1
3747,SWR-1998-1801,1
3748,SWR-1999-2107,1
3749,SWR-1999-2109,1
3750,SWR-1999-2142,1
3751,SWR-1999-2143,1
3752,SWR-1999-2163,1
3753,SWR-1999-2234,1
3754,SWR-1999-2236,1
3755,SWR-1999-2239,1
3756,SWR-1999-2240,1
3757,SWR-1999-2246,1
3758,SWR-1999-2342,1
3759,SWR-1999-2345,1
3760,SWR-1999-2347,1
3761,SWR-1999-2351,1
3762,SWR-2000-1889,1
3763,SWR-2000-1928,1
3764,SWR-2000-1964,1
3765,SWR-2000-2111,1
3766,SWR-2000-2112,1
3767,SWR-2000-2113,1
3768,SWR-2000-2114,1
3769,SWR-2000-2115,1
3770,SWR-2000-2116,1
3771,SWR-2000-2215,1
3772,SWR-2000-2246,1
3773,SWR-2000-2266,1
3774,SWR-2000-2271,1
3775,SWR-2000-2274,1
3776,SWR-2000-2277,1
3777,SWR-2000-2286,1
3778,SWR-2001-2311,1
3779,SWR-2001-2355,1
3780,SWR-2001-2399,1
3781,SWR-2001-2403,1
3782,SWR-2001-2424,1
3783,SWR-2001-2427,1
3784,SWR-2001-2547,1
3785,SWR-2001-2566,1
3786,SWR-2001-2664,1
3787,SWR-2001-2901,1
3788,SWR-2001-2914,1
3789,SWR-2001-2916,1
3790,SWR-2001-2951,1
3791,SWR-2001-2965,1
3792,SWR-2002-1481,1
3793,SWR-2002-1507,1
3794,SWR-2002-1553,1
3795,SWR-2002-1556,1
3796,SWR-2002-1560,1
3797,SWR-2002-1598,1
3798,SWR-2002-1667,1
3799,SWR-2002-2036,1
3800,SWR-2002-2685,1
3801,SWR-2002-2718,1
3802,SWR-2002-2720,1
3803,SWR-2002-2728,1
3804,SWR-2002-2735,1
3805,SWR-2002-2742,1
3806,SWR-2002-2743,1
3807,SWR-2003-1874,1
3808,SWR-2003-1880,1
3809,SWR-2003-1886,1
3810,SWR-2003-1907,1
3811,SWR-2003-2098,1
3812,SWR-2003-2122,1
3813,SWR-2003-2390,1
3814,SWR-2003-2444,1
3815,SWR-2003-2449,1
3816,SWR-2003-2451,1
3817,SWR-2003-2459,1
3818,SWR-2003-2460,1
3819,SWR-2004-2158,1
3820,SWR-2004-2159,1
3821,SWR-2004-2179,1
3822,SWR-2004-2239,1
3823,SWR-2004-2339,1
3824,SWR-2004-2483,1
3825,SWR-2004-2485,1
3826,SWR-2004-2557,1
3827,SWR-2004-2589,1
3828,SWR-2004-2626,1
3829,SWR-2004-2627,1
3830,SWR-2004-2628,1
3831,SWR-2004-2629,1
3832,SWR-2004-2630,1
3833,SWR-2004-2657,1
3834,SWR-2004-2662,1
3835,SWR-2004-2663,1
3836,SWR-2004-638,1
3837,SWR-2004-683,1
3838,SWR-2004-834,1
3839,SWR-2004-884,1
3840,SWR-2004-899,1
3841,SWR-2005-127,1
3842,SWR-2005-2076,1
3843,SWR-2005-3218,1
3844,SWR-2005-4398,1
3845,SWR-2005-4402,1
3846,SWR-2005-565,1
3847,SWR-2005-5720,1
3848,SWR-2005-619,1
3849,SWR-2005-620,1
3850,SWR-2005-623,1
3851,SWR-2005-624,1
3852,SWR-2005-69,1
3853,SWR-2005-7069,1
3854,SWR-2005-7093,1
3855,SWR-2005-7226,1
3856,SWR-2005-7240,1
3857,SWR-2005-7251,1
3858,SWR-2005-7410,1
3859,SWR-2005-7433,1
3860,SWR-2005-7471,1
3861,SWR-2005-7504,1
3862,SWR-2005-7567,1
3863,SWR-2005-7568,1
3864,SWR-2005-7578,1
3865,SWR-2005-7580,1
3866,SWR-2005-92,1
3867,SWR-2006-1040,1
3868,SWR-2006-1846,1
3869,SWR-2006-2592,1
3870,SWR-2006-3012,1
3871,SWR-2006-3548,1
3872,SWR-2006-3664,1
3873,SWR-2006-4098,1
3874,SWR-2006-4099,1
3875,SWR-2006-4104,1
3876,SWR-2006-4145,1
3877,SWR-2006-4188,1
3878,SWR-2006-4190,1
3879,SWR-2006-4861,1
3880,SWR-2006-4965,1
3881,SWR-2006-5033,1
3882,SWR-2006-5141,1
3883,SWR-2006-5905,1
3884,SWR-2006-6315,1
3885,SWR-2006-6489,1
3886,SWR-2006-6618,1
3887,SWR-2006-7166,1
3888,SWR-2006-7272,1
3889,SWR-2006-7363,1
3890,SWR-2006-7379,1
3891,SWR-2006-7391,1
3892,SWR-2006-7392,1
3893,SWR-2006-7406,1
3894,SWR-2006-7407,1
3895,SWR-2006-7408,1
3896,SWR-2006-7409,1
3897,SWR-2006-7421,1
3898,SWR-2006-7422,1
3899,SWR-2006-7515,1
3900,SWR-2006-7524,1
3901,SWR-2006-7528,1
3902,SWR-2006-7562,1
3903,SWR-2006-7572,1
3904,SWR-2006-7576,1
3905,SWR-2006-7584,1
3906,SWR-2006-7597,1
3907,SWR-2006-7598,1
3908,SWR-2006-7599,1
3909,SWR-2006-7605,1
3910,SWR-2006-7609,1
3911,SWR-2006-7612,1
3912,SWR-2006-7620,1
3913,SWR-2006-855,1
3914,SWR-2007-1232,1
3915,SWR-2007-1356,1
3916,SWR-2007-1534,1
3917,SWR-2007-1536,1
3918,SWR-2007-1961,1
3919,SWR-2007-205,1
3920,SWR-2007-2073,1
3921,SWR-2007-2302,1
3922,SWR-2007-2573,1
3923,SWR-2007-2871,1
3924,SWR-2007-2873,1
3925,SWR-2007-2878,1
3926,SWR-2007-3556,1
3927,SWR-2007-3882,1
3928,SWR-2007-3907,1
3929,SWR-2007-4475,1
3930,SWR-2007-4476,1
3931,SWR-2007-4657,1
3932,SWR-2007-4837,1
3933,SWR-2007-4852,1
3934,SWR-2007-4993,1
3935,SWR-2007-5244,1
3936,SWR-2007-528,1
3937,SWR-2007-5326,1
3938,SWR-2007-5329,1
3939,SWR-2007-5330,1
3940,SWR-2007-5469,1
3941,SWR-2007-5470,1
3942,SWR-2007-5622,1
3943,SWR-2007-5686,1
3944,SWR-2007-5687,1
3945,SWR-2007-5904,1
3946,SWR-2007-5947,1
3947,SWR-2007-5951,1
3948,SWR-2007-6489,1
3949,SWR-2007-6512,1
3950,SWR-2007-659,1
3951,SWR-2007-6765,1
3952,SWR-2007-6770,1
3953,SWR-2007-6784,1
3954,SWR-2007-6850,1
3955,SWR-2007-7386,1
3956,SWR-2007-7552,1
3957,SWR-2007-7983,1
3958,SWR-2007-8529,1
3959,SWR-2007-891,1
3960,SWR-2007-8982,1
3961,SWR-2007-9068,1
3962,SWR-2007-9107,1
3963,SWR-2007-9126,1
3964,SWR-2007-9127,1
3965,SWR-2007-9189,1
3966,SWR-2007-9199,1
3967,SWR-2007-9219,1
3968,SWR-2007-9220,1
3969,SWR-2007-9221,1
3970,SWR-2007-9224,1
3971,SWR-2007-9225,1
3972,SWR-2007-9226,1
3973,SWR-2007-9227,1
3974,SWR-2007-9228,1
3975,SWR-2007-9229,1
3976,SWR-2007-9230,1
3977,SWR-2007-9232,1
3978,SWR-2007-9233,1
3979,SWR-2007-9237,1
3980,SWR-2007-9254,1
3981,SWR-2007-9255,1
3982,SWR-2008-1012,1
3983,SWR-2008-1013,1
3984,SWR-2008-1417,1
3985,SWR-2008-1419,1
3986,SWR-2008-1421,1
3987,SWR-2008-1422,1
3988,SWR-2008-1776,1
3989,SWR-2008-2089,1
3990,SWR-2008-2226,1
3991,SWR-2008-2369,1
3992,SWR-2008-2744,1
3993,SWR-2008-2746,1
3994,SWR-2008-2811,1
3995,SWR-2008-3365,1
3996,SWR-2008-347,1
3997,SWR-2008-3540,1
3998,SWR-2008-3569,1
3999,SWR-2008-3570,1
4000,SWR-2008-3862,1
4001,SWR-2008-3893,1
4002,SWR-2008-3894,1
4003,SWR-2008-4150,1
4004,SWR-2008-4273,1
4005,SWR-2008-4399,1
4006,SWR-2008-4461,1
4007,SWR-2008-4540,1
4008,SWR-2008-4546,1
4009,SWR-2008-4552,1
4010,SWR-2008-4582,1
4011,SWR-2008-4684,1
4012,SWR-2008-4710,1
4013,SWR-2008-4917,1
4014,SWR-2008-5044,1
4015,SWR-2008-5045,1
4016,SWR-2008-5080,1
4017,SWR-2008-51,1
4018,SWR-2008-5380,1
4019,SWR-2008-5384,1
4020,SWR-2008-544,1
4021,SWR-2008-5453,1
4022,SWR-2008-5599,1
4023,SWR-2008-5643,1
4024,SWR-2008-6371,1
4025,SWR-2008-6704,1
4026,SWR-2008-6739,1
4027,SWR-2008-6893,1
4028,SWR-2008-6967,1
4029,SWR-2008-6988,1
4030,SWR-2008-728,1
4031,SWR-2008-7283,1
4032,SWR-2008-7352,1
4033,SWR-2008-7478,1
4034,SWR-2008-7516,1
4035,SWR-2008-7575,1
4036,SWR-2008-7593,1
4037,SWR-2008-7683,1
4038,SWR-2008-7782,1
4039,SWR-2008-7997,1
4040,SWR-2008-8015,1
4041,SWR-2008-8016,1
4042,SWR-2008-8036,1
4043,SWR-2008-8067,1
4044,SWR-2008-8250,1
4045,SWR-2008-837,1
4046,SWR-2008-8508,1
4047,SWR-2008-8514,1
4048,SWR-2008-8627,1
4049,SWR-2008-8637,1
4050,SWR-2008-8647,1
4051,SWR-2008-8828,1
4052,SWR-2008-9103,1
4053,SWR-2008-9115,1
4054,SWR-2008-9135,1
4055,SWR-2008-9168,1
4056,SWR-2008-9169,1
4057,SWR-2008-9170,1
4058,SWR-2008-9172,1
4059,SWR-2008-9189,1
4060,SWR-2009-1003,1
4061,SWR-2009-1004,1
4062,SWR-2009-1463,1
4063,SWR-2009-1464,1
4064,SWR-2009-1465,1
4065,SWR-2009-1498,1
4066,SWR-2009-1588,1
4067,SWR-2009-1614,1
4068,SWR-2009-177,1
4069,SWR-2009-1918,1
4070,SWR-2009-2185,1
4071,SWR-2009-224,1
4072,SWR-2009-2244,1
4073,SWR-2009-2252,1
4074,SWR-2009-2261,1
4075,SWR-2009-2262,1
4076,SWR-2009-2325,1
4077,SWR-2009-2385,1
4078,SWR-2009-2404,1
4079,SWR-2009-2405,1
4080,SWR-2009-2494,1
4081,SWR-2009-2601,1
4082,SWR-2009-2622,1
4083,SWR-2009-291,1
4084,SWR-2009-3082,1
4085,SWR-2009-3163,1
4086,SWR-2009-3224,1
4087,SWR-2009-3384,1
4088,SWR-2009-3878,1
4089,SWR-2009-3881,1
4090,SWR-2009-3896,1
4091,SWR-2009-3958,1
4092,SWR-2009-3959,1
4093,SWR-2009-4028,1
4094,SWR-2009-4029,1
4095,SWR-2009-4030,1
4096,SWR-2009-4032,1
4097,SWR-2009-4033,1
4098,SWR-2009-4147,1
4099,SWR-2009-4191,1
4100,SWR-2009-421,1
4101,SWR-2009-4212,1
4102,SWR-2009-4233,1
4103,SWR-2009-4352,1
4104,SWR-2009-4468,1
4105,SWR-2009-4484,1
4106,SWR-2009-4754,1
4107,SWR-2009-4839,1
4108,SWR-2009-4927,1
4109,SWR-2009-5120,1
4110,SWR-2009-5193,1
4111,SWR-2009-5260,1
4112,SWR-2009-5283,1
4113,SWR-2009-5313,1
4114,SWR-2009-5373,1
4115,SWR-2009-5375,1
4116,SWR-2009-5654,1
4117,SWR-2009-5655,1
4118,SWR-2009-5713,1
4119,SWR-2009-5714,1
4120,SWR-2009-6043,1
4121,SWR-2009-6135,1
4122,SWR-2009-6136,1
4123,SWR-2009-6150,1
4124,SWR-2009-6197,1
4125,SWR-2009-625,1
4126,SWR-2009-6261,1
4127,SWR-2009-6313,1
4128,SWR-2009-6316,1
4129,SWR-2009-6455,1
4130,SWR-2009-6501,1
4131,SWR-2009-6598,1
4132,SWR-2009-6656,1
4133,SWR-2009-6707,1
4134,SWR-2009-6739,1
4135,SWR-2009-6823,1
4136,SWR-2009-685,1
4137,SWR-2009-686,1
4138,SWR-2009-7129,1
4139,SWR-2009-7151,1
4140,SWR-2009-7231,1
4141,SWR-2009-7237,1
4142,SWR-2009-7238,1
4143,SWR-2009-7428,1
4144,SWR-2009-743,1
4145,SWR-2009-7529,1
4146,SWR-2009-845,1
4147,SWR-2009-861,1
4148,SWR-2009-874,1
4149,SWR-2010-1114,1
4150,SWR-2010-1249,1
4151,SWR-2010-1250,1
4152,SWR-2010-1325,1
4153,SWR-2010-163,1
4154,SWR-2010-1657,1
4155,SWR-2010-1664,1
4156,SWR-2010-1813,1
4157,SWR-2010-1890,1
4158,SWR-2010-1891,1
4159,SWR-2010-1918,1
4160,SWR-2010-1924,1
4161,SWR-2010-1925,1
4162,SWR-2010-1960,1
4163,SWR-2010-202,1
4164,SWR-2010-2032,1
4165,SWR-2010-2047,1
4166,SWR-2010-2120,1
4167,SWR-2010-233,1
4168,SWR-2010-2453,1
4169,SWR-2010-2682,1
4170,SWR-2010-2752,1
4171,SWR-2010-2797,1
4172,SWR-2010-294,1
4173,SWR-2010-3052,1
4174,SWR-2010-3112,1
4175,SWR-2010-3119,1
4176,SWR-2010-3120,1
4177,SWR-2010-3359,1
4178,SWR-2010-3360,1
4179,SWR-2010-3364,1
4180,SWR-2010-3403,1
4181,SWR-2010-3728,1
4182,SWR-2010-3869,1
4183,SWR-2010-3962,1
4184,SWR-2010-4017,1
4185,SWR-2010-402,1
4186,SWR-2010-4034,1
4187,SWR-2010-4038,1
4188,SWR-2010-4053,1
4189,SWR-2010-4071,1
4190,SWR-2010-4102,1
4191,SWR-2010-4112,1
4192,SWR-2010-4149,1
4193,SWR-2010-4209,1
4194,SWR-2010-4340,1
4195,SWR-2010-4361,1
4196,SWR-2010-4492,1
4197,SWR-2010-45,1
4198,SWR-2010-4615,1
4199,SWR-2010-4656,1
4200,SWR-2010-4680,1
4201,SWR-2010-470,1
4202,SWR-2010-4705,1
4203,SWR-2010-472,1
4204,SWR-2010-4772,1
4205,SWR-2010-4773,1
4206,SWR-2010-4855,1
4207,SWR-2010-4908,1
4208,SWR-2010-4947,1
4209,SWR-2010-4948,1
4210,SWR-2010-5224,1
4211,SWR-2010-5354,1
4212,SWR-2010-5366,1
4213,SWR-2010-5393,1
4214,SWR-2010-5534,1
4215,SWR-2010-5557,1
4216,SWR-2010-5598,1
4217,SWR-2010-5693,1
4218,SWR-2010-5950,1
4219,SWR-2010-6121,1
4220,SWR-2010-6122,1
4221,SWR-2010-6191,1
4222,SWR-2010-6192,1
4223,SWR-2010-6372,1
4224,SWR-2010-6385,1
4225,SWR-2010-6387,1
4226,SWR-2010-6574,1
4227,SWR-2010-6701,1
4228,SWR-2010-6702,1
4229,SWR-2010-814,1
4230,SWR-2010-816,1
4231,SWR-2010-933,1
4232,SWR-2010-952,1
4233,SWR-2010-989,1
4234,SWR-2011-107,1
4235,SWR-2011-1198,1
4236,SWR-2011-1397,1
4237,SWR-2011-1492,1
4238,SWR-2011-1565,1
4239,SWR-2011-1675,1
4240,SWR-2011-1676,1
4241,SWR-2011-1714,1
4242,SWR-2011-1750,1
4243,SWR-2011-1751,1
4244,SWR-2011-1888,1
4245,SWR-2011-1929,1
4246,SWR-2011-230,1
4247,SWR-2011-2325,1
4248,SWR-2011-2390,1
4249,SWR-2011-2506,1
4250,SWR-2011-261,1
4251,SWR-2011-2762,1
4252,SWR-2011-2763,1
4253,SWR-2011-2764,1
4254,SWR-2011-2765,1
4255,SWR-2011-2766,1
4256,SWR-2011-2767,1
4257,SWR-2011-2768,1
4258,SWR-2011-2769,1
4259,SWR-2011-3017,1
4260,SWR-2011-3430,1
4261,SWR-2011-3857,1
4262,SWR-2011-3945,1
4263,SWR-2011-397,1
4264,SWR-2011-3987,1
4265,SWR-2011-4032,1
4266,SWR-2011-4077,1
4267,SWR-2011-44,1
4268,SWR-2011-452,1
4269,SWR-2011-5036,1
4270,SWR-2011-520,1
4271,SWR-2011-543,1
4272,SWR-2011-561,1
4273,SWR-2011-5747,1
4274,SWR-2011-6375,1
4275,SWR-2011-83,1
4276,SWR-2012-2758,1
4277,SWR-2012-2759,1
4278,SWR-2012-3013,1
4279,SWR-2012-3357,1
4280,SWR-2012-3358,1
4281,SWR-2012-3520,1
4282,SWR-2012-3835,1
4283,SWR-2012-588,1
4284,SWR-2012-951,1
4285,SWR-2012-953,1
