"","Var1","Freq"
"1","800014",1
"2","820024",1
"3","830015",1
"4","840009",1
"5","870011",1
"6","870013",1
"7","870045",1
"8","890003",1
"9","900022",1
"10","900029",1
"11","900053",1
"12","910002",1
"13","910021",1
"14","910023",1
"15","910036",1
"16","910049",1
"17","920005",1
"18","920024",1
"19","920040",1
"20","920043",1
"21","920060",1
"22","920061",1
"23","930008",1
"24","930021",1
"25","930031",1
"26","930045",1
"27","930077",1
"28","930089",1
"29","930092",1
"30","930094",1
"31","940016",1
"32","940071",1
"33","940074",1
"34","950015",1
"35","950018",1
"36","950023",1
"37","950026",1
"38","950037",1
"39","950049",1
"40","950050",1
"41","950066",1
"42","960063",1
"43","960064",1
"44","960065",1
"45","AKR-1998-1409",1
"46","AKR-2003-611",1
"47","AKR-2005-5579",1
"48","AKR-2010-6742",1
"49","AKR-2012-2419",1
"50","FPR-1997-1109",1
"51","FPR-1997-87",1
"52","FPR-1998-279",1
"53","FPR-1998-282",1
"54","FPR-1999-1158",1
"55","FPR-1999-1160",1
"56","FPR-2001-960",1
"57","FPR-2002-1238",1
"58","FPR-2003-1327",1
"59","FPR-2003-1626",1
"60","FPR-2003-415",1
"61","FPR-2003-673",1
"62","FPR-2004-1538",1
"63","FPR-2007-2183",1
"64","FPR-2007-2184",1
"65","FPR-2007-2185",1
"66","FPR-2007-2531",1
"67","FPR-2010-2650",1
"68","FPR-2010-3395",1
"69","FPR-2011-2995",1
"70","FPR-2011-3193",1
"71","FPR-2011-6551",1
"72","FPR-2014-9095",1
"73","FPR-2015-9111",1
"74","FPR-2015-9114",1
"75","NER-2000-1028",1
"76","NER-2001-1245",1
"77","NER-2012-1183",1
"78","NER-2012-9241",1
"79","NER-2015-12128",1
"80","NER-2015-12248",1
"81","NWR-1994-161",1
"82","NWR-1994-167",1
"83","NWR-1994-171",1
"84","NWR-1995-188",1
"85","NWR-1997-1308",1
"86","NWR-1997-1379",1
"87","NWR-1998-1377",1
"88","NWR-1998-1412",1
"89","NWR-1998-1580",1
"90","NWR-1999-1005",1
"91","NWR-1999-1082",1
"92","NWR-1999-1223",1
"93","NWR-1999-1601",1
"94","NWR-1999-1687",1
"95","NWR-1999-1833",1
"96","NWR-1999-1851",1
"97","NWR-1999-1858",1
"98","NWR-1999-1862",1
"99","NWR-1999-1863",1
"100","NWR-1999-1865",1
"101","NWR-1999-1873",1
"102","NWR-1999-1878",1
"103","NWR-1999-1883",1
"104","NWR-1999-1892",1
"105","NWR-1999-1904",1
"106","NWR-1999-1905",1
"107","NWR-1999-1906",1
"108","NWR-1999-414",1
"109","NWR-1999-418",1
"110","NWR-1999-419",1
"111","NWR-1999-421",1
"112","NWR-1999-424",1
"113","NWR-1999-425",1
"114","NWR-1999-426",1
"115","NWR-1999-836",1
"116","NWR-1999-906",1
"117","NWR-1999-993",1
"118","NWR-1999-999",1
"119","NWR-2000-1009",1
"120","NWR-2000-1054",1
"121","NWR-2000-1120",1
"122","NWR-2000-1182",1
"123","NWR-2000-1197",1
"124","NWR-2000-1219",1
"125","NWR-2000-1225",1
"126","NWR-2000-1235",1
"127","NWR-2000-1269",1
"128","NWR-2000-1274",1
"129","NWR-2000-1330",1
"130","NWR-2000-1345",1
"131","NWR-2000-1347",1
"132","NWR-2000-1356",1
"133","NWR-2000-1373",1
"134","NWR-2000-1376",1
"135","NWR-2000-1377",1
"136","NWR-2000-1378",1
"137","NWR-2000-1380",1
"138","NWR-2000-1415",1
"139","NWR-2000-1421",1
"140","NWR-2000-1439",1
"141","NWR-2000-1443",1
"142","NWR-2000-1444",1
"143","NWR-2000-1449",1
"144","NWR-2000-1459",1
"145","NWR-2000-1466",1
"146","NWR-2000-1478",1
"147","NWR-2000-1479",1
"148","NWR-2000-1487",1
"149","NWR-2000-1489",1
"150","NWR-2000-1490",1
"151","NWR-2000-1492",1
"152","NWR-2000-1496",1
"153","NWR-2000-1502",1
"154","NWR-2000-185",1
"155","NWR-2000-271",1
"156","NWR-2000-281",1
"157","NWR-2000-305",1
"158","NWR-2000-312",1
"159","NWR-2000-334",1
"160","NWR-2000-404",1
"161","NWR-2000-445",1
"162","NWR-2000-481",1
"163","NWR-2000-487",1
"164","NWR-2000-588",1
"165","NWR-2000-616",1
"166","NWR-2000-63",1
"167","NWR-2000-751",1
"168","NWR-2000-756",1
"169","NWR-2000-828",1
"170","NWR-2000-94",1
"171","NWR-2000-984",1
"172","NWR-2001-1008",1
"173","NWR-2001-1012",1
"174","NWR-2001-1013",1
"175","NWR-2001-1017",1
"176","NWR-2001-1027",1
"177","NWR-2001-1028",1
"178","NWR-2001-1079",1
"179","NWR-2001-1094",1
"180","NWR-2001-11",1
"181","NWR-2001-1110",1
"182","NWR-2001-1112",1
"183","NWR-2001-1117",1
"184","NWR-2001-1130",1
"185","NWR-2001-114",1
"186","NWR-2001-1145",1
"187","NWR-2001-1167",1
"188","NWR-2001-1173",1
"189","NWR-2001-1174",1
"190","NWR-2001-1177",1
"191","NWR-2001-1180",1
"192","NWR-2001-1184",1
"193","NWR-2001-1188",1
"194","NWR-2001-1191",1
"195","NWR-2001-12",1
"196","NWR-2001-1200",1
"197","NWR-2001-1207",1
"198","NWR-2001-1210",1
"199","NWR-2001-1217",1
"200","NWR-2001-1218",1
"201","NWR-2001-1219",1
"202","NWR-2001-1247",1
"203","NWR-2001-1253",1
"204","NWR-2001-1254",1
"205","NWR-2001-1256",1
"206","NWR-2001-1259",1
"207","NWR-2001-1278",1
"208","NWR-2001-1279",1
"209","NWR-2001-1281",1
"210","NWR-2001-1298",1
"211","NWR-2001-1309",1
"212","NWR-2001-131",1
"213","NWR-2001-1315",1
"214","NWR-2001-1329",1
"215","NWR-2001-1338",1
"216","NWR-2001-1340",1
"217","NWR-2001-1363",1
"218","NWR-2001-1365",1
"219","NWR-2001-1368",1
"220","NWR-2001-1374",1
"221","NWR-2001-1375",1
"222","NWR-2001-1380",1
"223","NWR-2001-1384",1
"224","NWR-2001-1385",1
"225","NWR-2001-1414",1
"226","NWR-2001-1415",1
"227","NWR-2001-1417",1
"228","NWR-2001-1418",1
"229","NWR-2001-1419",1
"230","NWR-2001-1421",1
"231","NWR-2001-1426",1
"232","NWR-2001-1427",1
"233","NWR-2001-1432",1
"234","NWR-2001-1447",1
"235","NWR-2001-1448",1
"236","NWR-2001-1449",1
"237","NWR-2001-1450",1
"238","NWR-2001-1465",1
"239","NWR-2001-1469",1
"240","NWR-2001-1470",1
"241","NWR-2001-1471",1
"242","NWR-2001-1472",1
"243","NWR-2001-1477",1
"244","NWR-2001-1479",1
"245","NWR-2001-1489",1
"246","NWR-2001-178",1
"247","NWR-2001-18",1
"248","NWR-2001-183",1
"249","NWR-2001-192",1
"250","NWR-2001-20",1
"251","NWR-2001-202",1
"252","NWR-2001-203",1
"253","NWR-2001-2033",1
"254","NWR-2001-2034",1
"255","NWR-2001-2037",1
"256","NWR-2001-2038",1
"257","NWR-2001-2039",1
"258","NWR-2001-2045",1
"259","NWR-2001-2046",1
"260","NWR-2001-2055",1
"261","NWR-2001-2056",1
"262","NWR-2001-2057",1
"263","NWR-2001-2058",1
"264","NWR-2001-2059",1
"265","NWR-2001-2060",1
"266","NWR-2001-2061",1
"267","NWR-2001-2062",1
"268","NWR-2001-2068",1
"269","NWR-2001-2073",1
"270","NWR-2001-2075",1
"271","NWR-2001-2077",1
"272","NWR-2001-234",1
"273","NWR-2001-2634",1
"274","NWR-2001-2638",1
"275","NWR-2001-2647",1
"276","NWR-2001-2648",1
"277","NWR-2001-283",1
"278","NWR-2001-2844",1
"279","NWR-2001-2848",1
"280","NWR-2001-287",1
"281","NWR-2001-292",1
"282","NWR-2001-298",1
"283","NWR-2001-322",1
"284","NWR-2001-324",1
"285","NWR-2001-335",1
"286","NWR-2001-364",1
"287","NWR-2001-370",1
"288","NWR-2001-371",1
"289","NWR-2001-373",1
"290","NWR-2001-382",1
"291","NWR-2001-384",1
"292","NWR-2001-397",1
"293","NWR-2001-418",1
"294","NWR-2001-419",1
"295","NWR-2001-438",1
"296","NWR-2001-451",1
"297","NWR-2001-463",1
"298","NWR-2001-487",1
"299","NWR-2001-499",1
"300","NWR-2001-5",1
"301","NWR-2001-51",1
"302","NWR-2001-519",1
"303","NWR-2001-520",1
"304","NWR-2001-521",1
"305","NWR-2001-533",1
"306","NWR-2001-534",1
"307","NWR-2001-538",1
"308","NWR-2001-548",1
"309","NWR-2001-581",1
"310","NWR-2001-587",1
"311","NWR-2001-59",1
"312","NWR-2001-594",1
"313","NWR-2001-6",1
"314","NWR-2001-60",1
"315","NWR-2001-603",1
"316","NWR-2001-625",1
"317","NWR-2001-63",1
"318","NWR-2001-631",1
"319","NWR-2001-64",1
"320","NWR-2001-650",1
"321","NWR-2001-66",1
"322","NWR-2001-663",1
"323","NWR-2001-669",1
"324","NWR-2001-673",1
"325","NWR-2001-681",1
"326","NWR-2001-685",1
"327","NWR-2001-699",1
"328","NWR-2001-710",1
"329","NWR-2001-75",1
"330","NWR-2001-759",1
"331","NWR-2001-762",1
"332","NWR-2001-772",1
"333","NWR-2001-773",1
"334","NWR-2001-778",1
"335","NWR-2001-781",1
"336","NWR-2001-790",1
"337","NWR-2001-795",1
"338","NWR-2001-803",1
"339","NWR-2001-804",1
"340","NWR-2001-818",1
"341","NWR-2001-820",1
"342","NWR-2001-842",1
"343","NWR-2001-862",1
"344","NWR-2001-870",1
"345","NWR-2001-892",1
"346","NWR-2001-908",1
"347","NWR-2001-914",1
"348","NWR-2001-927",1
"349","NWR-2001-930",1
"350","NWR-2001-932",1
"351","NWR-2001-933",1
"352","NWR-2001-945",1
"353","NWR-2001-947",1
"354","NWR-2001-966",1
"355","NWR-2001-973",1
"356","NWR-2001-984",1
"357","NWR-2001-987",1
"358","NWR-2001-989",1
"359","NWR-2001-99",1
"360","NWR-2001-990",1
"361","NWR-2001-991",1
"362","NWR-2001-994",1
"363","NWR-2001-995",1
"364","NWR-2002-1",1
"365","NWR-2002-1000",1
"366","NWR-2002-103",1
"367","NWR-2002-1037",1
"368","NWR-2002-1039",1
"369","NWR-2002-1040",1
"370","NWR-2002-1046",1
"371","NWR-2002-105",1
"372","NWR-2002-1059",1
"373","NWR-2002-1060",1
"374","NWR-2002-1062",1
"375","NWR-2002-1097",1
"376","NWR-2002-111",1
"377","NWR-2002-1117",1
"378","NWR-2002-1129",1
"379","NWR-2002-1178",1
"380","NWR-2002-1181",1
"381","NWR-2002-1193",1
"382","NWR-2002-1194",1
"383","NWR-2002-1195",1
"384","NWR-2002-1196",1
"385","NWR-2002-1197",1
"386","NWR-2002-1199",1
"387","NWR-2002-120",1
"388","NWR-2002-1200",1
"389","NWR-2002-1203",1
"390","NWR-2002-1227",1
"391","NWR-2002-1228",1
"392","NWR-2002-1229",1
"393","NWR-2002-1234",1
"394","NWR-2002-1236",1
"395","NWR-2002-1242",1
"396","NWR-2002-1254",1
"397","NWR-2002-1267",1
"398","NWR-2002-1268",1
"399","NWR-2002-1272",1
"400","NWR-2002-1273",1
"401","NWR-2002-1274",1
"402","NWR-2002-1293",1
"403","NWR-2002-1294",1
"404","NWR-2002-13",1
"405","NWR-2002-1303",1
"406","NWR-2002-1314",1
"407","NWR-2002-1315",1
"408","NWR-2002-1335",1
"409","NWR-2002-1336",1
"410","NWR-2002-1337",1
"411","NWR-2002-1364",1
"412","NWR-2002-1365",1
"413","NWR-2002-1376",1
"414","NWR-2002-1399",1
"415","NWR-2002-140",1
"416","NWR-2002-1400",1
"417","NWR-2002-142",1
"418","NWR-2002-1433",1
"419","NWR-2002-1446",1
"420","NWR-2002-1468",1
"421","NWR-2002-1476",1
"422","NWR-2002-1482",1
"423","NWR-2002-1501",1
"424","NWR-2002-1503",1
"425","NWR-2002-1504",1
"426","NWR-2002-1505",1
"427","NWR-2002-1506",1
"428","NWR-2002-153",1
"429","NWR-2002-158",1
"430","NWR-2002-163",1
"431","NWR-2002-172",1
"432","NWR-2002-175",1
"433","NWR-2002-176",1
"434","NWR-2002-177",1
"435","NWR-2002-18",1
"436","NWR-2002-1880",1
"437","NWR-2002-1884",1
"438","NWR-2002-1896",1
"439","NWR-2002-1897",1
"440","NWR-2002-1898",1
"441","NWR-2002-19",1
"442","NWR-2002-1912",1
"443","NWR-2002-1919",1
"444","NWR-2002-1935",1
"445","NWR-2002-1939",1
"446","NWR-2002-1950",1
"447","NWR-2002-1959",1
"448","NWR-2002-1961",1
"449","NWR-2002-1967",1
"450","NWR-2002-200",1
"451","NWR-2002-207",1
"452","NWR-2002-209",1
"453","NWR-2002-218",1
"454","NWR-2002-232",1
"455","NWR-2002-235",1
"456","NWR-2002-239",1
"457","NWR-2002-245",1
"458","NWR-2002-248",1
"459","NWR-2002-250",1
"460","NWR-2002-251",1
"461","NWR-2002-2579",1
"462","NWR-2002-2580",1
"463","NWR-2002-263",1
"464","NWR-2002-283",1
"465","NWR-2002-29",1
"466","NWR-2002-306",1
"467","NWR-2002-307",1
"468","NWR-2002-341",1
"469","NWR-2002-342",1
"470","NWR-2002-343",1
"471","NWR-2002-344",1
"472","NWR-2002-345",1
"473","NWR-2002-346",1
"474","NWR-2002-348",1
"475","NWR-2002-361",1
"476","NWR-2002-368",1
"477","NWR-2002-375",1
"478","NWR-2002-376",1
"479","NWR-2002-38",1
"480","NWR-2002-382",1
"481","NWR-2002-385",1
"482","NWR-2002-390",1
"483","NWR-2002-391",1
"484","NWR-2002-392",1
"485","NWR-2002-404",1
"486","NWR-2002-417",1
"487","NWR-2002-418",1
"488","NWR-2002-43",1
"489","NWR-2002-430",1
"490","NWR-2002-440",1
"491","NWR-2002-453",1
"492","NWR-2002-47",1
"493","NWR-2002-473",1
"494","NWR-2002-474",1
"495","NWR-2002-477",1
"496","NWR-2002-478",1
"497","NWR-2002-480",1
"498","NWR-2002-487",1
"499","NWR-2002-505",1
"500","NWR-2002-509",1
"501","NWR-2002-51",1
"502","NWR-2002-510",1
"503","NWR-2002-514",1
"504","NWR-2002-520",1
"505","NWR-2002-521",1
"506","NWR-2002-525",1
"507","NWR-2002-535",1
"508","NWR-2002-546",1
"509","NWR-2002-556",1
"510","NWR-2002-560",1
"511","NWR-2002-571",1
"512","NWR-2002-574",1
"513","NWR-2002-582",1
"514","NWR-2002-584",1
"515","NWR-2002-596",1
"516","NWR-2002-598",1
"517","NWR-2002-599",1
"518","NWR-2002-604",1
"519","NWR-2002-632",1
"520","NWR-2002-644",1
"521","NWR-2002-646",1
"522","NWR-2002-650",1
"523","NWR-2002-651",1
"524","NWR-2002-654",1
"525","NWR-2002-670",1
"526","NWR-2002-692",1
"527","NWR-2002-693",1
"528","NWR-2002-734",1
"529","NWR-2002-739",1
"530","NWR-2002-741",1
"531","NWR-2002-744",1
"532","NWR-2002-745",1
"533","NWR-2002-761",1
"534","NWR-2002-772",1
"535","NWR-2002-775",1
"536","NWR-2002-8",1
"537","NWR-2002-804",1
"538","NWR-2002-809",1
"539","NWR-2002-815",1
"540","NWR-2002-816",1
"541","NWR-2002-82",1
"542","NWR-2002-83",1
"543","NWR-2002-838",1
"544","NWR-2002-856",1
"545","NWR-2002-857",1
"546","NWR-2002-878",1
"547","NWR-2002-879",1
"548","NWR-2002-883",1
"549","NWR-2002-888",1
"550","NWR-2002-889",1
"551","NWR-2002-890",1
"552","NWR-2002-893",1
"553","NWR-2002-897",1
"554","NWR-2002-908",1
"555","NWR-2002-927",1
"556","NWR-2002-93",1
"557","NWR-2002-930",1
"558","NWR-2002-938",1
"559","NWR-2002-941",1
"560","NWR-2002-948",1
"561","NWR-2002-962",1
"562","NWR-2002-97",1
"563","NWR-2002-973",1
"564","NWR-2002-976",1
"565","NWR-2002-977",1
"566","NWR-2002-981",1
"567","NWR-2002-986",1
"568","NWR-2002-987",1
"569","NWR-2002-995",1
"570","NWR-2003-1006",1
"571","NWR-2003-1016",1
"572","NWR-2003-1031",1
"573","NWR-2003-1042",1
"574","NWR-2003-1044",1
"575","NWR-2003-1067",1
"576","NWR-2003-1077",1
"577","NWR-2003-1089",1
"578","NWR-2003-1098",1
"579","NWR-2003-113",1
"580","NWR-2003-1146",1
"581","NWR-2003-1200",1
"582","NWR-2003-1201",1
"583","NWR-2003-1205",1
"584","NWR-2003-123",1
"585","NWR-2003-1237",1
"586","NWR-2003-1249",1
"587","NWR-2003-1253",1
"588","NWR-2003-1255",1
"589","NWR-2003-1257",1
"590","NWR-2003-126",1
"591","NWR-2003-1270",1
"592","NWR-2003-1272",1
"593","NWR-2003-1278",1
"594","NWR-2003-1280",1
"595","NWR-2003-1285",1
"596","NWR-2003-1293",1
"597","NWR-2003-13",1
"598","NWR-2003-1307",1
"599","NWR-2003-1309",1
"600","NWR-2003-132",1
"601","NWR-2003-1335",1
"602","NWR-2003-1342",1
"603","NWR-2003-1356",1
"604","NWR-2003-136",1
"605","NWR-2003-1382",1
"606","NWR-2003-1386",1
"607","NWR-2003-14",1
"608","NWR-2003-1412",1
"609","NWR-2003-1416",1
"610","NWR-2003-1421",1
"611","NWR-2003-1433",1
"612","NWR-2003-1434",1
"613","NWR-2003-1436",1
"614","NWR-2003-1440",1
"615","NWR-2003-145",1
"616","NWR-2003-1460",1
"617","NWR-2003-1467",1
"618","NWR-2003-147",1
"619","NWR-2003-1477",1
"620","NWR-2003-1484",1
"621","NWR-2003-149",1
"622","NWR-2003-1504",1
"623","NWR-2003-1538",1
"624","NWR-2003-155",1
"625","NWR-2003-1555",1
"626","NWR-2003-1571",1
"627","NWR-2003-1578",1
"628","NWR-2003-1579",1
"629","NWR-2003-1580",1
"630","NWR-2003-16",1
"631","NWR-2003-1621",1
"632","NWR-2003-1622",1
"633","NWR-2003-1623",1
"634","NWR-2003-1644",1
"635","NWR-2003-1655",1
"636","NWR-2003-1657",1
"637","NWR-2003-1658",1
"638","NWR-2003-1659",1
"639","NWR-2003-17",1
"640","NWR-2003-174",1
"641","NWR-2003-18",1
"642","NWR-2003-225",1
"643","NWR-2003-2270",1
"644","NWR-2003-2300",1
"645","NWR-2003-252",1
"646","NWR-2003-261",1
"647","NWR-2003-264",1
"648","NWR-2003-277",1
"649","NWR-2003-283",1
"650","NWR-2003-285",1
"651","NWR-2003-290",1
"652","NWR-2003-291",1
"653","NWR-2003-301",1
"654","NWR-2003-313",1
"655","NWR-2003-337",1
"656","NWR-2003-339",1
"657","NWR-2003-343",1
"658","NWR-2003-355",1
"659","NWR-2003-359",1
"660","NWR-2003-381",1
"661","NWR-2003-387",1
"662","NWR-2003-409",1
"663","NWR-2003-412",1
"664","NWR-2003-416",1
"665","NWR-2003-420",1
"666","NWR-2003-422",1
"667","NWR-2003-433",1
"668","NWR-2003-434",1
"669","NWR-2003-452",1
"670","NWR-2003-453",1
"671","NWR-2003-456",1
"672","NWR-2003-459",1
"673","NWR-2003-476",1
"674","NWR-2003-481",1
"675","NWR-2003-482",1
"676","NWR-2003-488",1
"677","NWR-2003-490",1
"678","NWR-2003-493",1
"679","NWR-2003-495",1
"680","NWR-2003-506",1
"681","NWR-2003-507",1
"682","NWR-2003-511",1
"683","NWR-2003-513",1
"684","NWR-2003-521",1
"685","NWR-2003-533",1
"686","NWR-2003-536",1
"687","NWR-2003-552",1
"688","NWR-2003-553",1
"689","NWR-2003-554",1
"690","NWR-2003-565",1
"691","NWR-2003-566",1
"692","NWR-2003-574",1
"693","NWR-2003-575",1
"694","NWR-2003-593",1
"695","NWR-2003-609",1
"696","NWR-2003-610",1
"697","NWR-2003-616",1
"698","NWR-2003-619",1
"699","NWR-2003-626",1
"700","NWR-2003-627",1
"701","NWR-2003-630",1
"702","NWR-2003-632",1
"703","NWR-2003-638",1
"704","NWR-2003-644",1
"705","NWR-2003-650",1
"706","NWR-2003-653",1
"707","NWR-2003-654",1
"708","NWR-2003-67",1
"709","NWR-2003-672",1
"710","NWR-2003-676",1
"711","NWR-2003-682",1
"712","NWR-2003-685",1
"713","NWR-2003-688",1
"714","NWR-2003-695",1
"715","NWR-2003-70",1
"716","NWR-2003-717",1
"717","NWR-2003-728",1
"718","NWR-2003-729",1
"719","NWR-2003-731",1
"720","NWR-2003-734",1
"721","NWR-2003-74",1
"722","NWR-2003-747",1
"723","NWR-2003-750",1
"724","NWR-2003-756",1
"725","NWR-2003-761",1
"726","NWR-2003-762",1
"727","NWR-2003-77",1
"728","NWR-2003-776",1
"729","NWR-2003-778",1
"730","NWR-2003-78",1
"731","NWR-2003-781",1
"732","NWR-2003-782",1
"733","NWR-2003-784",1
"734","NWR-2003-787",1
"735","NWR-2003-805",1
"736","NWR-2003-806",1
"737","NWR-2003-808",1
"738","NWR-2003-809",1
"739","NWR-2003-812",1
"740","NWR-2003-814",1
"741","NWR-2003-833",1
"742","NWR-2003-838",1
"743","NWR-2003-839",1
"744","NWR-2003-840",1
"745","NWR-2003-842",1
"746","NWR-2003-850",1
"747","NWR-2003-865",1
"748","NWR-2003-871",1
"749","NWR-2003-900",1
"750","NWR-2003-921",1
"751","NWR-2003-922",1
"752","NWR-2003-925",1
"753","NWR-2003-926",1
"754","NWR-2003-928",1
"755","NWR-2003-978",1
"756","NWR-2003-982",1
"757","NWR-2003-983",1
"758","NWR-2003-993",1
"759","NWR-2003-998",1
"760","NWR-2004-1017",1
"761","NWR-2004-102",1
"762","NWR-2004-1020",1
"763","NWR-2004-1021",1
"764","NWR-2004-1022",1
"765","NWR-2004-103",1
"766","NWR-2004-1036",1
"767","NWR-2004-1037",1
"768","NWR-2004-104",1
"769","NWR-2004-1041",1
"770","NWR-2004-1043",1
"771","NWR-2004-106",1
"772","NWR-2004-1069",1
"773","NWR-2004-1071",1
"774","NWR-2004-1072",1
"775","NWR-2004-1090",1
"776","NWR-2004-1092",1
"777","NWR-2004-1093",1
"778","NWR-2004-114",1
"779","NWR-2004-115",1
"780","NWR-2004-138",1
"781","NWR-2004-147",1
"782","NWR-2004-148",1
"783","NWR-2004-151",1
"784","NWR-2004-152",1
"785","NWR-2004-1532",1
"786","NWR-2004-1544",1
"787","NWR-2004-155",1
"788","NWR-2004-1567",1
"789","NWR-2004-157",1
"790","NWR-2004-158",1
"791","NWR-2004-159",1
"792","NWR-2004-1599",1
"793","NWR-2004-1608",1
"794","NWR-2004-1610",1
"795","NWR-2004-1612",1
"796","NWR-2004-1634",1
"797","NWR-2004-164",1
"798","NWR-2004-1649",1
"799","NWR-2004-165",1
"800","NWR-2004-1665",1
"801","NWR-2004-167",1
"802","NWR-2004-1671",1
"803","NWR-2004-1695",1
"804","NWR-2004-1714",1
"805","NWR-2004-1720",1
"806","NWR-2004-1740",1
"807","NWR-2004-1742",1
"808","NWR-2004-1747",1
"809","NWR-2004-1753",1
"810","NWR-2004-1754",1
"811","NWR-2004-1763",1
"812","NWR-2004-1774",1
"813","NWR-2004-178",1
"814","NWR-2004-1783",1
"815","NWR-2004-1793",1
"816","NWR-2004-1794",1
"817","NWR-2004-1796",1
"818","NWR-2004-1802",1
"819","NWR-2004-1805",1
"820","NWR-2004-1812",1
"821","NWR-2004-1826",1
"822","NWR-2004-1831",1
"823","NWR-2004-1835",1
"824","NWR-2004-186",1
"825","NWR-2004-1860",1
"826","NWR-2004-1869",1
"827","NWR-2004-187",1
"828","NWR-2004-1876",1
"829","NWR-2004-1878",1
"830","NWR-2004-188",1
"831","NWR-2004-1889",1
"832","NWR-2004-1890",1
"833","NWR-2004-1892",1
"834","NWR-2004-1893",1
"835","NWR-2004-1900",1
"836","NWR-2004-1901",1
"837","NWR-2004-191",1
"838","NWR-2004-193",1
"839","NWR-2004-1936",1
"840","NWR-2004-1957",1
"841","NWR-2004-198",1
"842","NWR-2004-1982",1
"843","NWR-2004-204",1
"844","NWR-2004-205",1
"845","NWR-2004-206",1
"846","NWR-2004-207",1
"847","NWR-2004-209",1
"848","NWR-2004-21",1
"849","NWR-2004-210",1
"850","NWR-2004-212",1
"851","NWR-2004-213",1
"852","NWR-2004-217",1
"853","NWR-2004-22",1
"854","NWR-2004-226",1
"855","NWR-2004-227",1
"856","NWR-2004-228",1
"857","NWR-2004-23",1
"858","NWR-2004-230",1
"859","NWR-2004-237",1
"860","NWR-2004-238",1
"861","NWR-2004-2625",1
"862","NWR-2004-266",1
"863","NWR-2004-278",1
"864","NWR-2004-28",1
"865","NWR-2004-280",1
"866","NWR-2004-287",1
"867","NWR-2004-288",1
"868","NWR-2004-29",1
"869","NWR-2004-307",1
"870","NWR-2004-309",1
"871","NWR-2004-315",1
"872","NWR-2004-321",1
"873","NWR-2004-34",1
"874","NWR-2004-342",1
"875","NWR-2004-343",1
"876","NWR-2004-352",1
"877","NWR-2004-363",1
"878","NWR-2004-365",1
"879","NWR-2004-368",1
"880","NWR-2004-369",1
"881","NWR-2004-370",1
"882","NWR-2004-377",1
"883","NWR-2004-383",1
"884","NWR-2004-410",1
"885","NWR-2004-419",1
"886","NWR-2004-422",1
"887","NWR-2004-423",1
"888","NWR-2004-467",1
"889","NWR-2004-469",1
"890","NWR-2004-480",1
"891","NWR-2004-482",1
"892","NWR-2004-499",1
"893","NWR-2004-500",1
"894","NWR-2004-504",1
"895","NWR-2004-509",1
"896","NWR-2004-513",1
"897","NWR-2004-517",1
"898","NWR-2004-523",1
"899","NWR-2004-527",1
"900","NWR-2004-529",1
"901","NWR-2004-530",1
"902","NWR-2004-569",1
"903","NWR-2004-574",1
"904","NWR-2004-586",1
"905","NWR-2004-595",1
"906","NWR-2004-597",1
"907","NWR-2004-598",1
"908","NWR-2004-60",1
"909","NWR-2004-610",1
"910","NWR-2004-611",1
"911","NWR-2004-613",1
"912","NWR-2004-614",1
"913","NWR-2004-615",1
"914","NWR-2004-616",1
"915","NWR-2004-621",1
"916","NWR-2004-626",1
"917","NWR-2004-627",1
"918","NWR-2004-629",1
"919","NWR-2004-630",1
"920","NWR-2004-632",1
"921","NWR-2004-641",1
"922","NWR-2004-642",1
"923","NWR-2004-645",1
"924","NWR-2004-650",1
"925","NWR-2004-653",1
"926","NWR-2004-660",1
"927","NWR-2004-669",1
"928","NWR-2004-670",1
"929","NWR-2004-681",1
"930","NWR-2004-688",1
"931","NWR-2004-69",1
"932","NWR-2004-690",1
"933","NWR-2004-693",1
"934","NWR-2004-694",1
"935","NWR-2004-695",1
"936","NWR-2004-705",1
"937","NWR-2004-710",1
"938","NWR-2004-713",1
"939","NWR-2004-715",1
"940","NWR-2004-721",1
"941","NWR-2004-722",1
"942","NWR-2004-724",1
"943","NWR-2004-727",1
"944","NWR-2004-728",1
"945","NWR-2004-730",1
"946","NWR-2004-734",1
"947","NWR-2004-735",1
"948","NWR-2004-745",1
"949","NWR-2004-754",1
"950","NWR-2004-756",1
"951","NWR-2004-763",1
"952","NWR-2004-78",1
"953","NWR-2004-782",1
"954","NWR-2004-79",1
"955","NWR-2004-8",1
"956","NWR-2004-812",1
"957","NWR-2004-819",1
"958","NWR-2004-824",1
"959","NWR-2004-825",1
"960","NWR-2004-826",1
"961","NWR-2004-829",1
"962","NWR-2004-837",1
"963","NWR-2004-858",1
"964","NWR-2004-867",1
"965","NWR-2004-869",1
"966","NWR-2004-87",1
"967","NWR-2004-88",1
"968","NWR-2004-883",1
"969","NWR-2004-884",1
"970","NWR-2004-885",1
"971","NWR-2004-973",1
"972","NWR-2004-974",1
"973","NWR-2004-975",1
"974","NWR-2004-976",1
"975","NWR-2004-982",1
"976","NWR-2004-987",1
"977","NWR-2005-10",1
"978","NWR-2005-123",1
"979","NWR-2005-124",1
"980","NWR-2005-125",1
"981","NWR-2005-143",1
"982","NWR-2005-145",1
"983","NWR-2005-146",1
"984","NWR-2005-166",1
"985","NWR-2005-167",1
"986","NWR-2005-168",1
"987","NWR-2005-175",1
"988","NWR-2005-188",1
"989","NWR-2005-201",1
"990","NWR-2005-2053",1
"991","NWR-2005-2098",1
"992","NWR-2005-2101",1
"993","NWR-2005-2102",1
"994","NWR-2005-2113",1
"995","NWR-2005-2118",1
"996","NWR-2005-2126",1
"997","NWR-2005-2128",1
"998","NWR-2005-226",1
"999","NWR-2005-228",1
"1000","NWR-2005-250",1
"1001","NWR-2005-251",1
"1002","NWR-2005-2579",1
"1003","NWR-2005-265",1
"1004","NWR-2005-2668",1
"1005","NWR-2005-271",1
"1006","NWR-2005-2750",1
"1007","NWR-2005-2790",1
"1008","NWR-2005-287",1
"1009","NWR-2005-29",1
"1010","NWR-2005-3007",1
"1011","NWR-2005-3008",1
"1012","NWR-2005-3010",1
"1013","NWR-2005-3011",1
"1014","NWR-2005-3018",1
"1015","NWR-2005-3048",1
"1016","NWR-2005-3130",1
"1017","NWR-2005-3132",1
"1018","NWR-2005-3140",1
"1019","NWR-2005-3190",1
"1020","NWR-2005-3192",1
"1021","NWR-2005-3219",1
"1022","NWR-2005-3222",1
"1023","NWR-2005-3225",1
"1024","NWR-2005-3237",1
"1025","NWR-2005-324",1
"1026","NWR-2005-3253",1
"1027","NWR-2005-3275",1
"1028","NWR-2005-333",1
"1029","NWR-2005-335",1
"1030","NWR-2005-339",1
"1031","NWR-2005-3394",1
"1032","NWR-2005-3455",1
"1033","NWR-2005-348",1
"1034","NWR-2005-3484",1
"1035","NWR-2005-3493",1
"1036","NWR-2005-3513",1
"1037","NWR-2005-3514",1
"1038","NWR-2005-3522",1
"1039","NWR-2005-3582",1
"1040","NWR-2005-3612",1
"1041","NWR-2005-3659",1
"1042","NWR-2005-3695",1
"1043","NWR-2005-3704",1
"1044","NWR-2005-375",1
"1045","NWR-2005-3751",1
"1046","NWR-2005-3752",1
"1047","NWR-2005-3754",1
"1048","NWR-2005-3756",1
"1049","NWR-2005-3845",1
"1050","NWR-2005-3859",1
"1051","NWR-2005-3860",1
"1052","NWR-2005-388",1
"1053","NWR-2005-3882",1
"1054","NWR-2005-3987",1
"1055","NWR-2005-4004",1
"1056","NWR-2005-4020",1
"1057","NWR-2005-4028",1
"1058","NWR-2005-404",1
"1059","NWR-2005-4163",1
"1060","NWR-2005-4176",1
"1061","NWR-2005-4245",1
"1062","NWR-2005-4252",1
"1063","NWR-2005-4254",1
"1064","NWR-2005-4287",1
"1065","NWR-2005-4371",1
"1066","NWR-2005-4376",1
"1067","NWR-2005-4379",1
"1068","NWR-2005-4395",1
"1069","NWR-2005-4401",1
"1070","NWR-2005-4455",1
"1071","NWR-2005-4496",1
"1072","NWR-2005-4497",1
"1073","NWR-2005-4541",1
"1074","NWR-2005-4568",1
"1075","NWR-2005-4569",1
"1076","NWR-2005-4671",1
"1077","NWR-2005-472",1
"1078","NWR-2005-4733",1
"1079","NWR-2005-4734",1
"1080","NWR-2005-5",1
"1081","NWR-2005-5078",1
"1082","NWR-2005-5089",1
"1083","NWR-2005-5144",1
"1084","NWR-2005-5145",1
"1085","NWR-2005-5147",1
"1086","NWR-2005-5148",1
"1087","NWR-2005-5149",1
"1088","NWR-2005-5150",1
"1089","NWR-2005-5151",1
"1090","NWR-2005-5152",1
"1091","NWR-2005-5153",1
"1092","NWR-2005-5233",1
"1093","NWR-2005-5237",1
"1094","NWR-2005-5238",1
"1095","NWR-2005-53",1
"1096","NWR-2005-535",1
"1097","NWR-2005-54",1
"1098","NWR-2005-55",1
"1099","NWR-2005-5516",1
"1100","NWR-2005-5617",1
"1101","NWR-2005-5660",1
"1102","NWR-2005-5693",1
"1103","NWR-2005-5754",1
"1104","NWR-2005-5756",1
"1105","NWR-2005-5779",1
"1106","NWR-2005-5830",1
"1107","NWR-2005-5832",1
"1108","NWR-2005-5834",1
"1109","NWR-2005-584",1
"1110","NWR-2005-5883",1
"1111","NWR-2005-5891",1
"1112","NWR-2005-5898",1
"1113","NWR-2005-5899",1
"1114","NWR-2005-5914",1
"1115","NWR-2005-5970",1
"1116","NWR-2005-60",1
"1117","NWR-2005-6006",1
"1118","NWR-2005-6008",1
"1119","NWR-2005-6009",1
"1120","NWR-2005-6046",1
"1121","NWR-2005-6067",1
"1122","NWR-2005-61",1
"1123","NWR-2005-614",1
"1124","NWR-2005-6195",1
"1125","NWR-2005-6240",1
"1126","NWR-2005-630",1
"1127","NWR-2005-6343",1
"1128","NWR-2005-6344",1
"1129","NWR-2005-6358",1
"1130","NWR-2005-639",1
"1131","NWR-2005-6396",1
"1132","NWR-2005-640",1
"1133","NWR-2005-6457",1
"1134","NWR-2005-6462",1
"1135","NWR-2005-6463",1
"1136","NWR-2005-6472",1
"1137","NWR-2005-6498",1
"1138","NWR-2005-6512",1
"1139","NWR-2005-6534",1
"1140","NWR-2005-66",1
"1141","NWR-2005-67",1
"1142","NWR-2005-6781",1
"1143","NWR-2005-6789",1
"1144","NWR-2005-6821",1
"1145","NWR-2005-683",1
"1146","NWR-2005-6959",1
"1147","NWR-2005-6960",1
"1148","NWR-2005-6965",1
"1149","NWR-2005-6966",1
"1150","NWR-2005-7196",1
"1151","NWR-2005-7225",1
"1152","NWR-2005-7305",1
"1153","NWR-2005-7362",1
"1154","NWR-2005-7365",1
"1155","NWR-2005-7366",1
"1156","NWR-2005-7435",1
"1157","NWR-2005-753",1
"1158","NWR-2005-754",1
"1159","NWR-2005-771",1
"1160","NWR-2005-825",1
"1161","NWR-2005-849",1
"1162","NWR-2005-850",1
"1163","NWR-2005-9",1
"1164","NWR-2006-1027",1
"1165","NWR-2006-1047",1
"1166","NWR-2006-1051",1
"1167","NWR-2006-1052",1
"1168","NWR-2006-1053",1
"1169","NWR-2006-1172",1
"1170","NWR-2006-1174",1
"1171","NWR-2006-1232",1
"1172","NWR-2006-1337",1
"1173","NWR-2006-1381",1
"1174","NWR-2006-1453",1
"1175","NWR-2006-1454",1
"1176","NWR-2006-1457",1
"1177","NWR-2006-1500",1
"1178","NWR-2006-1503",1
"1179","NWR-2006-1507",1
"1180","NWR-2006-1509",1
"1181","NWR-2006-1517",1
"1182","NWR-2006-1593",1
"1183","NWR-2006-161",1
"1184","NWR-2006-1687",1
"1185","NWR-2006-1691",1
"1186","NWR-2006-1752",1
"1187","NWR-2006-1836",1
"1188","NWR-2006-1837",1
"1189","NWR-2006-1860",1
"1190","NWR-2006-189",1
"1191","NWR-2006-1942",1
"1192","NWR-2006-1947",1
"1193","NWR-2006-1948",1
"1194","NWR-2006-1972",1
"1195","NWR-2006-1973",1
"1196","NWR-2006-1985",1
"1197","NWR-2006-2060",1
"1198","NWR-2006-213",1
"1199","NWR-2006-219",1
"1200","NWR-2006-2218",1
"1201","NWR-2006-2305",1
"1202","NWR-2006-2313",1
"1203","NWR-2006-236",1
"1204","NWR-2006-2409",1
"1205","NWR-2006-2489",1
"1206","NWR-2006-2539",1
"1207","NWR-2006-2599",1
"1208","NWR-2006-2624",1
"1209","NWR-2006-2872",1
"1210","NWR-2006-2900",1
"1211","NWR-2006-2918",1
"1212","NWR-2006-2941",1
"1213","NWR-2006-2942",1
"1214","NWR-2006-30",1
"1215","NWR-2006-3157",1
"1216","NWR-2006-3165",1
"1217","NWR-2006-3193",1
"1218","NWR-2006-3219",1
"1219","NWR-2006-3316",1
"1220","NWR-2006-3322",1
"1221","NWR-2006-3529",1
"1222","NWR-2006-3533",1
"1223","NWR-2006-3540",1
"1224","NWR-2006-3589",1
"1225","NWR-2006-3592",1
"1226","NWR-2006-3605",1
"1227","NWR-2006-3686",1
"1228","NWR-2006-3688",1
"1229","NWR-2006-374",1
"1230","NWR-2006-3746",1
"1231","NWR-2006-3748",1
"1232","NWR-2006-3771",1
"1233","NWR-2006-3772",1
"1234","NWR-2006-3849",1
"1235","NWR-2006-4019",1
"1236","NWR-2006-4251",1
"1237","NWR-2006-4252",1
"1238","NWR-2006-4258",1
"1239","NWR-2006-4348",1
"1240","NWR-2006-4349",1
"1241","NWR-2006-445",1
"1242","NWR-2006-4505",1
"1243","NWR-2006-4506",1
"1244","NWR-2006-4507",1
"1245","NWR-2006-4510",1
"1246","NWR-2006-4581",1
"1247","NWR-2006-4584",1
"1248","NWR-2006-4691",1
"1249","NWR-2006-470",1
"1250","NWR-2006-471",1
"1251","NWR-2006-472",1
"1252","NWR-2006-4758",1
"1253","NWR-2006-4798",1
"1254","NWR-2006-4812",1
"1255","NWR-2006-4813",1
"1256","NWR-2006-4822",1
"1257","NWR-2006-4938",1
"1258","NWR-2006-4945",1
"1259","NWR-2006-4968",1
"1260","NWR-2006-4980",1
"1261","NWR-2006-4982",1
"1262","NWR-2006-5053",1
"1263","NWR-2006-5063",1
"1264","NWR-2006-5093",1
"1265","NWR-2006-5117",1
"1266","NWR-2006-5130",1
"1267","NWR-2006-514",1
"1268","NWR-2006-5222",1
"1269","NWR-2006-5228",1
"1270","NWR-2006-5514",1
"1271","NWR-2006-5601",1
"1272","NWR-2006-5700",1
"1273","NWR-2006-5704",1
"1274","NWR-2006-5764",1
"1275","NWR-2006-5783",1
"1276","NWR-2006-5902",1
"1277","NWR-2006-5948",1
"1278","NWR-2006-6176",1
"1279","NWR-2006-618",1
"1280","NWR-2006-619",1
"1281","NWR-2006-622",1
"1282","NWR-2006-6345",1
"1283","NWR-2006-6488",1
"1284","NWR-2006-6493",1
"1285","NWR-2006-6496",1
"1286","NWR-2006-6505",1
"1287","NWR-2006-6510",1
"1288","NWR-2006-6530",1
"1289","NWR-2006-6532",1
"1290","NWR-2006-6542",1
"1291","NWR-2006-6567",1
"1292","NWR-2006-6582",1
"1293","NWR-2006-6605",1
"1294","NWR-2006-6606",1
"1295","NWR-2006-6607",1
"1296","NWR-2006-663",1
"1297","NWR-2006-6648",1
"1298","NWR-2006-6650",1
"1299","NWR-2006-6678",1
"1300","NWR-2006-677",1
"1301","NWR-2006-6907",1
"1302","NWR-2006-6909",1
"1303","NWR-2006-707",1
"1304","NWR-2006-7234",1
"1305","NWR-2006-7372",1
"1306","NWR-2006-7420",1
"1307","NWR-2006-7486",1
"1308","NWR-2006-7503",1
"1309","NWR-2006-7518",1
"1310","NWR-2006-7534",1
"1311","NWR-2006-758",1
"1312","NWR-2006-760",1
"1313","NWR-2006-833",1
"1314","NWR-2006-928",1
"1315","NWR-2007-1014",1
"1316","NWR-2007-1093",1
"1317","NWR-2007-1095",1
"1318","NWR-2007-1096",1
"1319","NWR-2007-1129",1
"1320","NWR-2007-1274",1
"1321","NWR-2007-1277",1
"1322","NWR-2007-1290",1
"1323","NWR-2007-1346",1
"1324","NWR-2007-1435",1
"1325","NWR-2007-1524",1
"1326","NWR-2007-1526",1
"1327","NWR-2007-157",1
"1328","NWR-2007-1605",1
"1329","NWR-2007-1656",1
"1330","NWR-2007-1664",1
"1331","NWR-2007-1682",1
"1332","NWR-2007-1922",1
"1333","NWR-2007-1926",1
"1334","NWR-2007-2156",1
"1335","NWR-2007-2168",1
"1336","NWR-2007-2194",1
"1337","NWR-2007-2206",1
"1338","NWR-2007-2215",1
"1339","NWR-2007-2253",1
"1340","NWR-2007-2301",1
"1341","NWR-2007-2388",1
"1342","NWR-2007-2504",1
"1343","NWR-2007-2526",1
"1344","NWR-2007-2530",1
"1345","NWR-2007-2571",1
"1346","NWR-2007-2646",1
"1347","NWR-2007-2647",1
"1348","NWR-2007-2866",1
"1349","NWR-2007-2868",1
"1350","NWR-2007-2941",1
"1351","NWR-2007-2989",1
"1352","NWR-2007-300",1
"1353","NWR-2007-3064",1
"1354","NWR-2007-3068",1
"1355","NWR-2007-3097",1
"1356","NWR-2007-3106",1
"1357","NWR-2007-3132",1
"1358","NWR-2007-3134",1
"1359","NWR-2007-3136",1
"1360","NWR-2007-3168",1
"1361","NWR-2007-3171",1
"1362","NWR-2007-3191",1
"1363","NWR-2007-3209",1
"1364","NWR-2007-3397",1
"1365","NWR-2007-3434",1
"1366","NWR-2007-3472",1
"1367","NWR-2007-3609",1
"1368","NWR-2007-3610",1
"1369","NWR-2007-3648",1
"1370","NWR-2007-3731",1
"1371","NWR-2007-3761",1
"1372","NWR-2007-3848",1
"1373","NWR-2007-3849",1
"1374","NWR-2007-3851",1
"1375","NWR-2007-3853",1
"1376","NWR-2007-3905",1
"1377","NWR-2007-3909",1
"1378","NWR-2007-3996",1
"1379","NWR-2007-4219",1
"1380","NWR-2007-4395",1
"1381","NWR-2007-4397",1
"1382","NWR-2007-441",1
"1383","NWR-2007-4452",1
"1384","NWR-2007-4474",1
"1385","NWR-2007-4486",1
"1386","NWR-2007-4513",1
"1387","NWR-2007-4516",1
"1388","NWR-2007-4559",1
"1389","NWR-2007-4561",1
"1390","NWR-2007-4565",1
"1391","NWR-2007-4577",1
"1392","NWR-2007-4671",1
"1393","NWR-2007-4672",1
"1394","NWR-2007-4867",1
"1395","NWR-2007-4893",1
"1396","NWR-2007-5007",1
"1397","NWR-2007-5027",1
"1398","NWR-2007-5056",1
"1399","NWR-2007-5073",1
"1400","NWR-2007-5079",1
"1401","NWR-2007-5167",1
"1402","NWR-2007-5174",1
"1403","NWR-2007-5192",1
"1404","NWR-2007-5227",1
"1405","NWR-2007-5336",1
"1406","NWR-2007-5345",1
"1407","NWR-2007-5347",1
"1408","NWR-2007-5463",1
"1409","NWR-2007-5466",1
"1410","NWR-2007-5610",1
"1411","NWR-2007-5614",1
"1412","NWR-2007-5657",1
"1413","NWR-2007-5692",1
"1414","NWR-2007-5699",1
"1415","NWR-2007-5755",1
"1416","NWR-2007-58",1
"1417","NWR-2007-5811",1
"1418","NWR-2007-5812",1
"1419","NWR-2007-6080",1
"1420","NWR-2007-6104",1
"1421","NWR-2007-6112",1
"1422","NWR-2007-6146",1
"1423","NWR-2007-6485",1
"1424","NWR-2007-6486",1
"1425","NWR-2007-6488",1
"1426","NWR-2007-6501",1
"1427","NWR-2007-6675",1
"1428","NWR-2007-6680",1
"1429","NWR-2007-6684",1
"1430","NWR-2007-6835",1
"1431","NWR-2007-6846",1
"1432","NWR-2007-6847",1
"1433","NWR-2007-688",1
"1434","NWR-2007-69",1
"1435","NWR-2007-6905",1
"1436","NWR-2007-6961",1
"1437","NWR-2007-6974",1
"1438","NWR-2007-7040",1
"1439","NWR-2007-7062",1
"1440","NWR-2007-7096",1
"1441","NWR-2007-7271",1
"1442","NWR-2007-7316",1
"1443","NWR-2007-7392",1
"1444","NWR-2007-7405",1
"1445","NWR-2007-7476",1
"1446","NWR-2007-7504",1
"1447","NWR-2007-7512",1
"1448","NWR-2007-7734",1
"1449","NWR-2007-7754",1
"1450","NWR-2007-7790",1
"1451","NWR-2007-7806",1
"1452","NWR-2007-8150",1
"1453","NWR-2007-8174",1
"1454","NWR-2007-8256",1
"1455","NWR-2007-8282",1
"1456","NWR-2007-8287",1
"1457","NWR-2007-8326",1
"1458","NWR-2007-8489",1
"1459","NWR-2007-9006",1
"1460","NWR-2007-9007",1
"1461","NWR-2007-9067",1
"1462","NWR-2007-9070",1
"1463","NWR-2007-9078",1
"1464","NWR-2007-9118",1
"1465","NWR-2007-9186",1
"1466","NWR-2007-919",1
"1467","NWR-2007-948",1
"1468","NWR-2007-958",1
"1469","NWR-2007-962",1
"1470","NWR-2007-970",1
"1471","NWR-2008-1071",1
"1472","NWR-2008-1125",1
"1473","NWR-2008-1127",1
"1474","NWR-2008-1138",1
"1475","NWR-2008-1159",1
"1476","NWR-2008-119",1
"1477","NWR-2008-1199",1
"1478","NWR-2008-120",1
"1479","NWR-2008-1203",1
"1480","NWR-2008-1280",1
"1481","NWR-2008-13",1
"1482","NWR-2008-1301",1
"1483","NWR-2008-1302",1
"1484","NWR-2008-133",1
"1485","NWR-2008-14",1
"1486","NWR-2008-1487",1
"1487","NWR-2008-1515",1
"1488","NWR-2008-1551",1
"1489","NWR-2008-1665",1
"1490","NWR-2008-1691",1
"1491","NWR-2008-1733",1
"1492","NWR-2008-1834",1
"1493","NWR-2008-1835",1
"1494","NWR-2008-1894",1
"1495","NWR-2008-193",1
"1496","NWR-2008-1958",1
"1497","NWR-2008-1964",1
"1498","NWR-2008-1965",1
"1499","NWR-2008-1972",1
"1500","NWR-2008-1977",1
"1501","NWR-2008-2002",1
"1502","NWR-2008-2021",1
"1503","NWR-2008-2057",1
"1504","NWR-2008-207",1
"1505","NWR-2008-2095",1
"1506","NWR-2008-2209",1
"1507","NWR-2008-2293",1
"1508","NWR-2008-2367",1
"1509","NWR-2008-2406",1
"1510","NWR-2008-2420",1
"1511","NWR-2008-2438",1
"1512","NWR-2008-2441",1
"1513","NWR-2008-2602",1
"1514","NWR-2008-2606",1
"1515","NWR-2008-2711",1
"1516","NWR-2008-2738",1
"1517","NWR-2008-274",1
"1518","NWR-2008-2745",1
"1519","NWR-2008-2768",1
"1520","NWR-2008-2788",1
"1521","NWR-2008-2790",1
"1522","NWR-2008-282",1
"1523","NWR-2008-2826",1
"1524","NWR-2008-289",1
"1525","NWR-2008-2954",1
"1526","NWR-2008-2978",1
"1527","NWR-2008-3022",1
"1528","NWR-2008-3052",1
"1529","NWR-2008-3053",1
"1530","NWR-2008-3054",1
"1531","NWR-2008-3208",1
"1532","NWR-2008-3210",1
"1533","NWR-2008-3231",1
"1534","NWR-2008-3286",1
"1535","NWR-2008-3298",1
"1536","NWR-2008-3330",1
"1537","NWR-2008-3332",1
"1538","NWR-2008-3436",1
"1539","NWR-2008-3437",1
"1540","NWR-2008-3438",1
"1541","NWR-2008-3506",1
"1542","NWR-2008-3507",1
"1543","NWR-2008-3523",1
"1544","NWR-2008-3598",1
"1545","NWR-2008-3649",1
"1546","NWR-2008-3650",1
"1547","NWR-2008-3676",1
"1548","NWR-2008-3748",1
"1549","NWR-2008-3755",1
"1550","NWR-2008-3771",1
"1551","NWR-2008-3791",1
"1552","NWR-2008-3803",1
"1553","NWR-2008-3930",1
"1554","NWR-2008-3994",1
"1555","NWR-2008-3995",1
"1556","NWR-2008-3996",1
"1557","NWR-2008-4029",1
"1558","NWR-2008-4070",1
"1559","NWR-2008-4121",1
"1560","NWR-2008-4131",1
"1561","NWR-2008-4219",1
"1562","NWR-2008-4220",1
"1563","NWR-2008-4373",1
"1564","NWR-2008-4665",1
"1565","NWR-2008-4675",1
"1566","NWR-2008-486",1
"1567","NWR-2008-4957",1
"1568","NWR-2008-518",1
"1569","NWR-2008-521",1
"1570","NWR-2008-5224",1
"1571","NWR-2008-5256",1
"1572","NWR-2008-530",1
"1573","NWR-2008-5311",1
"1574","NWR-2008-5383",1
"1575","NWR-2008-5437",1
"1576","NWR-2008-5438",1
"1577","NWR-2008-5448",1
"1578","NWR-2008-5465",1
"1579","NWR-2008-547",1
"1580","NWR-2008-5502",1
"1581","NWR-2008-5576",1
"1582","NWR-2008-5579",1
"1583","NWR-2008-5581",1
"1584","NWR-2008-5610",1
"1585","NWR-2008-5624",1
"1586","NWR-2008-5627",1
"1587","NWR-2008-565",1
"1588","NWR-2008-5653",1
"1589","NWR-2008-566",1
"1590","NWR-2008-5696",1
"1591","NWR-2008-5700",1
"1592","NWR-2008-5875",1
"1593","NWR-2008-5917",1
"1594","NWR-2008-5929",1
"1595","NWR-2008-6075",1
"1596","NWR-2008-6271",1
"1597","NWR-2008-6355",1
"1598","NWR-2008-6362",1
"1599","NWR-2008-6363",1
"1600","NWR-2008-648",1
"1601","NWR-2008-6522",1
"1602","NWR-2008-6525",1
"1603","NWR-2008-6545",1
"1604","NWR-2008-6590",1
"1605","NWR-2008-669",1
"1606","NWR-2008-6763",1
"1607","NWR-2008-6811",1
"1608","NWR-2008-6819",1
"1609","NWR-2008-6822",1
"1610","NWR-2008-6914",1
"1611","NWR-2008-6915",1
"1612","NWR-2008-6918",1
"1613","NWR-2008-6936",1
"1614","NWR-2008-6954",1
"1615","NWR-2008-6964",1
"1616","NWR-2008-698",1
"1617","NWR-2008-7017",1
"1618","NWR-2008-702",1
"1619","NWR-2008-7032",1
"1620","NWR-2008-7033",1
"1621","NWR-2008-7037",1
"1622","NWR-2008-7063",1
"1623","NWR-2008-7128",1
"1624","NWR-2008-7161",1
"1625","NWR-2008-7162",1
"1626","NWR-2008-718",1
"1627","NWR-2008-7236",1
"1628","NWR-2008-7254",1
"1629","NWR-2008-7356",1
"1630","NWR-2008-7398",1
"1631","NWR-2008-741",1
"1632","NWR-2008-742",1
"1633","NWR-2008-7423",1
"1634","NWR-2008-7429",1
"1635","NWR-2008-744",1
"1636","NWR-2008-745",1
"1637","NWR-2008-7461",1
"1638","NWR-2008-7469",1
"1639","NWR-2008-7474",1
"1640","NWR-2008-7559",1
"1641","NWR-2008-7589",1
"1642","NWR-2008-7590",1
"1643","NWR-2008-7591",1
"1644","NWR-2008-7630",1
"1645","NWR-2008-7636",1
"1646","NWR-2008-769",1
"1647","NWR-2008-7706",1
"1648","NWR-2008-7738",1
"1649","NWR-2008-7806",1
"1650","NWR-2008-7858",1
"1651","NWR-2008-7859",1
"1652","NWR-2008-7875",1
"1653","NWR-2008-7995",1
"1654","NWR-2008-8022",1
"1655","NWR-2008-81",1
"1656","NWR-2008-8126",1
"1657","NWR-2008-8182",1
"1658","NWR-2008-8183",1
"1659","NWR-2008-8185",1
"1660","NWR-2008-8215",1
"1661","NWR-2008-8222",1
"1662","NWR-2008-8230",1
"1663","NWR-2008-83",1
"1664","NWR-2008-8388",1
"1665","NWR-2008-8667",1
"1666","NWR-2008-872",1
"1667","NWR-2008-8770",1
"1668","NWR-2008-8780",1
"1669","NWR-2008-9019",1
"1670","NWR-2008-9024",1
"1671","NWR-2008-9035",1
"1672","NWR-2008-9113",1
"1673","NWR-2008-92",1
"1674","NWR-2008-957",1
"1675","NWR-2009-1102",1
"1676","NWR-2009-1105",1
"1677","NWR-2009-1108",1
"1678","NWR-2009-1187",1
"1679","NWR-2009-1222",1
"1680","NWR-2009-1231",1
"1681","NWR-2009-127",1
"1682","NWR-2009-1540",1
"1683","NWR-2009-16",1
"1684","NWR-2009-1641",1
"1685","NWR-2009-1642",1
"1686","NWR-2009-1649",1
"1687","NWR-2009-1673",1
"1688","NWR-2009-1690",1
"1689","NWR-2009-1746",1
"1690","NWR-2009-1756",1
"1691","NWR-2009-1848",1
"1692","NWR-2009-1904",1
"1693","NWR-2009-1992",1
"1694","NWR-2009-2059",1
"1695","NWR-2009-2074",1
"1696","NWR-2009-208",1
"1697","NWR-2009-210",1
"1698","NWR-2009-214",1
"1699","NWR-2009-2186",1
"1700","NWR-2009-2257",1
"1701","NWR-2009-2258",1
"1702","NWR-2009-2259",1
"1703","NWR-2009-2297",1
"1704","NWR-2009-2310",1
"1705","NWR-2009-2361",1
"1706","NWR-2009-2377",1
"1707","NWR-2009-2393",1
"1708","NWR-2009-2420",1
"1709","NWR-2009-2498",1
"1710","NWR-2009-2580",1
"1711","NWR-2009-2644",1
"1712","NWR-2009-2646",1
"1713","NWR-2009-27",1
"1714","NWR-2009-2720",1
"1715","NWR-2009-2756",1
"1716","NWR-2009-2835",1
"1717","NWR-2009-2854",1
"1718","NWR-2009-2856",1
"1719","NWR-2009-2857",1
"1720","NWR-2009-2904",1
"1721","NWR-2009-2917",1
"1722","NWR-2009-2991",1
"1723","NWR-2009-3007",1
"1724","NWR-2009-3020",1
"1725","NWR-2009-3021",1
"1726","NWR-2009-3023",1
"1727","NWR-2009-3025",1
"1728","NWR-2009-3048",1
"1729","NWR-2009-3126",1
"1730","NWR-2009-3237",1
"1731","NWR-2009-3294",1
"1732","NWR-2009-3299",1
"1733","NWR-2009-3301",1
"1734","NWR-2009-3311",1
"1735","NWR-2009-3351",1
"1736","NWR-2009-3364",1
"1737","NWR-2009-3365",1
"1738","NWR-2009-3446",1
"1739","NWR-2009-3482",1
"1740","NWR-2009-353",1
"1741","NWR-2009-3531",1
"1742","NWR-2009-3532",1
"1743","NWR-2009-3600",1
"1744","NWR-2009-3831",1
"1745","NWR-2009-3832",1
"1746","NWR-2009-3885",1
"1747","NWR-2009-3899",1
"1748","NWR-2009-390",1
"1749","NWR-2009-3936",1
"1750","NWR-2009-3946",1
"1751","NWR-2009-3999",1
"1752","NWR-2009-4007",1
"1753","NWR-2009-4066",1
"1754","NWR-2009-4069",1
"1755","NWR-2009-4100",1
"1756","NWR-2009-4136",1
"1757","NWR-2009-4202",1
"1758","NWR-2009-4317",1
"1759","NWR-2009-4369",1
"1760","NWR-2009-4370",1
"1761","NWR-2009-4429",1
"1762","NWR-2009-4445",1
"1763","NWR-2009-4480",1
"1764","NWR-2009-4536",1
"1765","NWR-2009-4542",1
"1766","NWR-2009-4716",1
"1767","NWR-2009-4741",1
"1768","NWR-2009-475",1
"1769","NWR-2009-48",1
"1770","NWR-2009-483",1
"1771","NWR-2009-4929",1
"1772","NWR-2009-5069",1
"1773","NWR-2009-5215",1
"1774","NWR-2009-5217",1
"1775","NWR-2009-5294",1
"1776","NWR-2009-5333",1
"1777","NWR-2009-5351",1
"1778","NWR-2009-5354",1
"1779","NWR-2009-5361",1
"1780","NWR-2009-5450",1
"1781","NWR-2009-5496",1
"1782","NWR-2009-551",1
"1783","NWR-2009-552",1
"1784","NWR-2009-5539",1
"1785","NWR-2009-5541",1
"1786","NWR-2009-5544",1
"1787","NWR-2009-5649",1
"1788","NWR-2009-5653",1
"1789","NWR-2009-5673",1
"1790","NWR-2009-5721",1
"1791","NWR-2009-5741",1
"1792","NWR-2009-5744",1
"1793","NWR-2009-5746",1
"1794","NWR-2009-5773",1
"1795","NWR-2009-5775",1
"1796","NWR-2009-5787",1
"1797","NWR-2009-5881",1
"1798","NWR-2009-591",1
"1799","NWR-2009-5982",1
"1800","NWR-2009-5983",1
"1801","NWR-2009-6037",1
"1802","NWR-2009-6062",1
"1803","NWR-2009-6084",1
"1804","NWR-2009-6147",1
"1805","NWR-2009-6148",1
"1806","NWR-2009-6234",1
"1807","NWR-2009-6278",1
"1808","NWR-2009-6288",1
"1809","NWR-2009-6354",1
"1810","NWR-2009-6414",1
"1811","NWR-2009-6482",1
"1812","NWR-2009-6523",1
"1813","NWR-2009-6526",1
"1814","NWR-2009-6531",1
"1815","NWR-2009-66",2
"1816","NWR-2009-6612",1
"1817","NWR-2009-6655",1
"1818","NWR-2009-6687",1
"1819","NWR-2009-6688",1
"1820","NWR-2009-6691",1
"1821","NWR-2009-6712",1
"1822","NWR-2009-6753",1
"1823","NWR-2009-6846",1
"1824","NWR-2009-6847",1
"1825","NWR-2009-731",1
"1826","NWR-2009-7508",1
"1827","NWR-2009-940",1
"1828","NWR-2009-992",1
"1829","NWR-2010-1",1
"1830","NWR-2010-1071",1
"1831","NWR-2010-1122",1
"1832","NWR-2010-1252",1
"1833","NWR-2010-1261",1
"1834","NWR-2010-1270",1
"1835","NWR-2010-1368",1
"1836","NWR-2010-1370",1
"1837","NWR-2010-1371",1
"1838","NWR-2010-1372",1
"1839","NWR-2010-1373",1
"1840","NWR-2010-1376",1
"1841","NWR-2010-1496",1
"1842","NWR-2010-1498",1
"1843","NWR-2010-154",1
"1844","NWR-2010-155",1
"1845","NWR-2010-157",1
"1846","NWR-2010-159",1
"1847","NWR-2010-1605",1
"1848","NWR-2010-1606",1
"1849","NWR-2010-1658",1
"1850","NWR-2010-1662",1
"1851","NWR-2010-1689",1
"1852","NWR-2010-1714",1
"1853","NWR-2010-1719",1
"1854","NWR-2010-1725",1
"1855","NWR-2010-1833",1
"1856","NWR-2010-1850",1
"1857","NWR-2010-1926",1
"1858","NWR-2010-1972",1
"1859","NWR-2010-1984",1
"1860","NWR-2010-2053",1
"1861","NWR-2010-2134",1
"1862","NWR-2010-2135",1
"1863","NWR-2010-2157",1
"1864","NWR-2010-2208",1
"1865","NWR-2010-2223",1
"1866","NWR-2010-2272",1
"1867","NWR-2010-230",1
"1868","NWR-2010-231",1
"1869","NWR-2010-2341",1
"1870","NWR-2010-2353",1
"1871","NWR-2010-2367",1
"1872","NWR-2010-2402",1
"1873","NWR-2010-2452",1
"1874","NWR-2010-2465",1
"1875","NWR-2010-2467",1
"1876","NWR-2010-2470",1
"1877","NWR-2010-249",1
"1878","NWR-2010-2492",1
"1879","NWR-2010-2499",1
"1880","NWR-2010-2535",1
"1881","NWR-2010-2572",1
"1882","NWR-2010-2684",1
"1883","NWR-2010-2685",1
"1884","NWR-2010-2686",1
"1885","NWR-2010-2699",1
"1886","NWR-2010-2700",1
"1887","NWR-2010-2701",1
"1888","NWR-2010-2704",1
"1889","NWR-2010-2816",1
"1890","NWR-2010-2845",1
"1891","NWR-2010-2847",1
"1892","NWR-2010-2905",1
"1893","NWR-2010-2937",1
"1894","NWR-2010-314",1
"1895","NWR-2010-3149",1
"1896","NWR-2010-315",1
"1897","NWR-2010-3239",1
"1898","NWR-2010-3246",1
"1899","NWR-2010-3287",1
"1900","NWR-2010-3291",1
"1901","NWR-2010-3301",1
"1902","NWR-2010-3353",1
"1903","NWR-2010-3448",1
"1904","NWR-2010-3521",1
"1905","NWR-2010-3523",1
"1906","NWR-2010-3530",1
"1907","NWR-2010-3535",1
"1908","NWR-2010-3543",1
"1909","NWR-2010-3572",1
"1910","NWR-2010-360",1
"1911","NWR-2010-3611",1
"1912","NWR-2010-3724",1
"1913","NWR-2010-3725",1
"1914","NWR-2010-3949",1
"1915","NWR-2010-3993",1
"1916","NWR-2010-4",1
"1917","NWR-2010-4009",1
"1918","NWR-2010-4012",1
"1919","NWR-2010-4057",1
"1920","NWR-2010-4093",1
"1921","NWR-2010-4154",1
"1922","NWR-2010-4248",1
"1923","NWR-2010-4249",1
"1924","NWR-2010-432",1
"1925","NWR-2010-4357",1
"1926","NWR-2010-437",1
"1927","NWR-2010-4503",1
"1928","NWR-2010-4604",1
"1929","NWR-2010-4630",1
"1930","NWR-2010-4633",1
"1931","NWR-2010-4685",1
"1932","NWR-2010-4819",1
"1933","NWR-2010-4820",1
"1934","NWR-2010-4830",1
"1935","NWR-2010-4852",1
"1936","NWR-2010-4931",1
"1937","NWR-2010-5077",1
"1938","NWR-2010-5118",1
"1939","NWR-2010-5164",1
"1940","NWR-2010-517",1
"1941","NWR-2010-5197",1
"1942","NWR-2010-5203",1
"1943","NWR-2010-521",1
"1944","NWR-2010-5314",1
"1945","NWR-2010-5317",1
"1946","NWR-2010-5356",1
"1947","NWR-2010-5408",1
"1948","NWR-2010-5409",1
"1949","NWR-2010-5410",1
"1950","NWR-2010-5479",1
"1951","NWR-2010-5711",1
"1952","NWR-2010-5773",1
"1953","NWR-2010-5811",1
"1954","NWR-2010-586",1
"1955","NWR-2010-6051",1
"1956","NWR-2010-6062",1
"1957","NWR-2010-6103",1
"1958","NWR-2010-6104",1
"1959","NWR-2010-6130",1
"1960","NWR-2010-6138",1
"1961","NWR-2010-615",1
"1962","NWR-2010-6189",1
"1963","NWR-2010-6275",1
"1964","NWR-2010-6291",1
"1965","NWR-2010-6293",1
"1966","NWR-2010-6498",1
"1967","NWR-2010-6511",1
"1968","NWR-2010-6517",1
"1969","NWR-2010-6527",1
"1970","NWR-2010-6535",1
"1971","NWR-2010-6621",1
"1972","NWR-2010-6676",1
"1973","NWR-2010-6685",1
"1974","NWR-2010-674",2
"1975","NWR-2010-676",1
"1976","NWR-2010-680",1
"1977","NWR-2010-6828",1
"1978","NWR-2010-683",1
"1979","NWR-2010-686",1
"1980","NWR-2010-836",1
"1981","NWR-2010-849",1
"1982","NWR-2010-852",1
"1983","NWR-2010-86",1
"1984","NWR-2010-89",1
"1985","NWR-2011-1098",1
"1986","NWR-2011-1240",1
"1987","NWR-2011-1269",1
"1988","NWR-2011-1270",1
"1989","NWR-2011-1344",1
"1990","NWR-2011-153",1
"1991","NWR-2011-1543",1
"1992","NWR-2011-157",1
"1993","NWR-2011-1621",1
"1994","NWR-2011-1671",1
"1995","NWR-2011-1706",1
"1996","NWR-2011-1748",1
"1997","NWR-2011-1821",1
"1998","NWR-2011-1861",1
"1999","NWR-2011-1919",1
"2000","NWR-2011-192",1
"2001","NWR-2011-1922",1
"2002","NWR-2011-1925",1
"2003","NWR-2011-1926",1
"2004","NWR-2011-195",1
"2005","NWR-2011-1964",1
"2006","NWR-2011-1991",1
"2007","NWR-2011-2020",1
"2008","NWR-2011-2043",1
"2009","NWR-2011-2095",1
"2010","NWR-2011-211",1
"2011","NWR-2011-2171",1
"2012","NWR-2011-2191",1
"2013","NWR-2011-2213",1
"2014","NWR-2011-2267",1
"2015","NWR-2011-2286",1
"2016","NWR-2011-2308",1
"2017","NWR-2011-2323",1
"2018","NWR-2011-2373",1
"2019","NWR-2011-2380",1
"2020","NWR-2011-2382",1
"2021","NWR-2011-2426",1
"2022","NWR-2011-243",1
"2023","NWR-2011-2445",1
"2024","NWR-2011-2446",1
"2025","NWR-2011-2463",1
"2026","NWR-2011-2464",1
"2027","NWR-2011-247",1
"2028","NWR-2011-2487",1
"2029","NWR-2011-249",1
"2030","NWR-2011-2493",1
"2031","NWR-2011-2520",1
"2032","NWR-2011-257",1
"2033","NWR-2011-2613",1
"2034","NWR-2011-2655",1
"2035","NWR-2011-2731",1
"2036","NWR-2011-2981",1
"2037","NWR-2011-2986",1
"2038","NWR-2011-2988",1
"2039","NWR-2011-3007",1
"2040","NWR-2011-3008",1
"2041","NWR-2011-3115",1
"2042","NWR-2011-312",1
"2043","NWR-2011-3126",1
"2044","NWR-2011-313",1
"2045","NWR-2011-315",1
"2046","NWR-2011-328",1
"2047","NWR-2011-3307",1
"2048","NWR-2011-3308",1
"2049","NWR-2011-333",1
"2050","NWR-2011-3334",1
"2051","NWR-2011-3339",1
"2052","NWR-2011-3347",1
"2053","NWR-2011-336",1
"2054","NWR-2011-3448",1
"2055","NWR-2011-3528",1
"2056","NWR-2011-3536",1
"2057","NWR-2011-3559",1
"2058","NWR-2011-3686",1
"2059","NWR-2011-3687",1
"2060","NWR-2011-3866",1
"2061","NWR-2011-3867",1
"2062","NWR-2011-3868",1
"2063","NWR-2011-3890",1
"2064","NWR-2011-3895",1
"2065","NWR-2011-3919",1
"2066","NWR-2011-3949",1
"2067","NWR-2011-395",1
"2068","NWR-2011-396",1
"2069","NWR-2011-4148",1
"2070","NWR-2011-4151",1
"2071","NWR-2011-4215",1
"2072","NWR-2011-4286",1
"2073","NWR-2011-4344",1
"2074","NWR-2011-444",1
"2075","NWR-2011-49",1
"2076","NWR-2011-5000",1
"2077","NWR-2011-5063",1
"2078","NWR-2011-5196",1
"2079","NWR-2011-5232",1
"2080","NWR-2011-5255",1
"2081","NWR-2011-5259",1
"2082","NWR-2011-5261",1
"2083","NWR-2011-5273",1
"2084","NWR-2011-5369",1
"2085","NWR-2011-5371",1
"2086","NWR-2011-5389",1
"2087","NWR-2011-5455",1
"2088","NWR-2011-5480",1
"2089","NWR-2011-551",1
"2090","NWR-2011-5571",1
"2091","NWR-2011-562",1
"2092","NWR-2011-5637",1
"2093","NWR-2011-5687",1
"2094","NWR-2011-573",1
"2095","NWR-2011-5743",1
"2096","NWR-2011-58",1
"2097","NWR-2011-5840",1
"2098","NWR-2011-5873",1
"2099","NWR-2011-5875",1
"2100","NWR-2011-5876",1
"2101","NWR-2011-5877",1
"2102","NWR-2011-5879",1
"2103","NWR-2011-5893",1
"2104","NWR-2011-5917",1
"2105","NWR-2011-593",1
"2106","NWR-2011-602",1
"2107","NWR-2011-605",1
"2108","NWR-2011-606",1
"2109","NWR-2011-6064",1
"2110","NWR-2011-6134",1
"2111","NWR-2011-6190",1
"2112","NWR-2011-6339",1
"2113","NWR-2011-638",1
"2114","NWR-2011-6415",1
"2115","NWR-2011-654",1
"2116","NWR-2011-656",1
"2117","NWR-2011-658",1
"2118","NWR-2011-6600",1
"2119","NWR-2011-690",1
"2120","NWR-2011-749",1
"2121","NWR-2011-750",1
"2122","NWR-2011-76",1
"2123","NWR-2011-761",1
"2124","NWR-2011-762",1
"2125","NWR-2011-764",1
"2126","NWR-2011-812",1
"2127","NWR-2011-833",1
"2128","NWR-2011-851",1
"2129","NWR-2011-868",1
"2130","NWR-2011-945",1
"2131","NWR-2012-1110",1
"2132","NWR-2012-1137",1
"2133","NWR-2012-115",1
"2134","NWR-2012-1190",1
"2135","NWR-2012-1191",1
"2136","NWR-2012-1559",1
"2137","NWR-2012-1745",1
"2138","NWR-2012-1808",1
"2139","NWR-2012-1810",1
"2140","NWR-2012-1820",1
"2141","NWR-2012-1822",1
"2142","NWR-2012-1923",1
"2143","NWR-2012-2014",1
"2144","NWR-2012-2015",1
"2145","NWR-2012-2030",1
"2146","NWR-2012-2039",1
"2147","NWR-2012-206",1
"2148","NWR-2012-2094",1
"2149","NWR-2012-2151",1
"2150","NWR-2012-2293",1
"2151","NWR-2012-2308",1
"2152","NWR-2012-2309",1
"2153","NWR-2012-2310",1
"2154","NWR-2012-2311",1
"2155","NWR-2012-2314",1
"2156","NWR-2012-2316",1
"2157","NWR-2012-2323",1
"2158","NWR-2012-2410",1
"2159","NWR-2012-2459",1
"2160","NWR-2012-248",1
"2161","NWR-2012-2531",1
"2162","NWR-2012-2575",1
"2163","NWR-2012-2607",1
"2164","NWR-2012-2724",1
"2165","NWR-2012-2773",1
"2166","NWR-2012-280",1
"2167","NWR-2012-2948",1
"2168","NWR-2012-2954",1
"2169","NWR-2012-2955",1
"2170","NWR-2012-305",1
"2171","NWR-2012-3085",1
"2172","NWR-2012-310",1
"2173","NWR-2012-3212",1
"2174","NWR-2012-3213",1
"2175","NWR-2012-3419",1
"2176","NWR-2012-3493",1
"2177","NWR-2012-3494",1
"2178","NWR-2012-3516",1
"2179","NWR-2012-3986",1
"2180","NWR-2012-40",1
"2181","NWR-2012-414",1
"2182","NWR-2012-415",1
"2183","NWR-2012-4288",1
"2184","NWR-2012-4487",1
"2185","NWR-2012-552",1
"2186","NWR-2012-603",1
"2187","NWR-2012-622",1
"2188","NWR-2012-737",1
"2189","NWR-2012-835",1
"2190","NWR-2012-857",1
"2191","NWR-2012-932",1
"2192","NWR-2012-933",1
"2193","SER-1990-58",1
"2194","SER-1998-207",1
"2195","SER-1998-68",1
"2196","SER-2000-1051",1
"2197","SER-2000-1127",1
"2198","SER-2000-1157",1
"2199","SER-2000-1299",1
"2200","SER-2000-1313",1
"2201","SER-2000-1434",1
"2202","SER-2001-1257",1
"2203","SER-2001-1337",1
"2204","SER-2001-27",1
"2205","SER-2001-860",1
"2206","SER-2002-1307",1
"2207","SER-2003-1071",1
"2208","SER-2004-47",1
"2209","SER-2004-80",1
"2210","SER-2004-966",1
"2211","SER-2005-536",1
"2212","SER-2005-587",1
"2213","SER-2006-7001",1
"2214","SER-2007-1962",1
"2215","SER-2008-9073",1
"2216","SER-2012-4507",1
"2217","SER-2014-15433",1
"2218","SWR-1997-1384",1
"2219","SWR-1998-1706",1
"2220","SWR-1998-1765",1
"2221","SWR-1998-1781",1
"2222","SWR-1998-1785",1
"2223","SWR-1998-1801",1
"2224","SWR-1999-2130",1
"2225","SWR-1999-2153",1
"2226","SWR-1999-2163",1
"2227","SWR-1999-2167",1
"2228","SWR-1999-2170",1
"2229","SWR-1999-2236",1
"2230","SWR-1999-2239",1
"2231","SWR-1999-2240",1
"2232","SWR-1999-2327",1
"2233","SWR-1999-2347",1
"2234","SWR-1999-2351",1
"2235","SWR-2000-1851",1
"2236","SWR-2000-1889",1
"2237","SWR-2000-1891",1
"2238","SWR-2000-1910",1
"2239","SWR-2000-1928",1
"2240","SWR-2000-1935",1
"2241","SWR-2000-1956",1
"2242","SWR-2000-1957",1
"2243","SWR-2000-1958",1
"2244","SWR-2000-1959",1
"2245","SWR-2000-1964",1
"2246","SWR-2000-1969",1
"2247","SWR-2000-1975",2
"2248","SWR-2000-1987",1
"2249","SWR-2000-1990",1
"2250","SWR-2000-1993",1
"2251","SWR-2000-2107",1
"2252","SWR-2000-2114",1
"2253","SWR-2000-2115",1
"2254","SWR-2000-2166",1
"2255","SWR-2000-2167",1
"2256","SWR-2000-2194",1
"2257","SWR-2000-2228",1
"2258","SWR-2000-2274",1
"2259","SWR-2001-2156",1
"2260","SWR-2001-2215",1
"2261","SWR-2001-2219",1
"2262","SWR-2001-2245",1
"2263","SWR-2001-2249",1
"2264","SWR-2001-2259",1
"2265","SWR-2001-2260",1
"2266","SWR-2001-2297",1
"2267","SWR-2001-2325",1
"2268","SWR-2001-2329",1
"2269","SWR-2001-2330",1
"2270","SWR-2001-2351",1
"2271","SWR-2001-2553",1
"2272","SWR-2001-2559",1
"2273","SWR-2001-2565",1
"2274","SWR-2001-2580",1
"2275","SWR-2001-2597",1
"2276","SWR-2001-2601",1
"2277","SWR-2001-2604",1
"2278","SWR-2001-2606",1
"2279","SWR-2001-2615",1
"2280","SWR-2001-2618",1
"2281","SWR-2001-2632",1
"2282","SWR-2001-2654",1
"2283","SWR-2001-2783",1
"2284","SWR-2001-2792",1
"2285","SWR-2001-2853",1
"2286","SWR-2001-2916",1
"2287","SWR-2002-1507",1
"2288","SWR-2002-1540",1
"2289","SWR-2002-1554",1
"2290","SWR-2002-1624",1
"2291","SWR-2002-1636",1
"2292","SWR-2002-1646",1
"2293","SWR-2002-1907",1
"2294","SWR-2002-1908",1
"2295","SWR-2002-1909",1
"2296","SWR-2002-1910",1
"2297","SWR-2002-1911",1
"2298","SWR-2002-1917",1
"2299","SWR-2002-1929",1
"2300","SWR-2002-1942",1
"2301","SWR-2002-1943",1
"2302","SWR-2002-1944",1
"2303","SWR-2002-1945",1
"2304","SWR-2002-1953",1
"2305","SWR-2002-1990",1
"2306","SWR-2002-2010",1
"2307","SWR-2002-2025",1
"2308","SWR-2002-2617",1
"2309","SWR-2002-2619",1
"2310","SWR-2002-2643",1
"2311","SWR-2002-2644",1
"2312","SWR-2002-2651",1
"2313","SWR-2002-2655",1
"2314","SWR-2002-2683",1
"2315","SWR-2002-2691",2
"2316","SWR-2003-1696",1
"2317","SWR-2003-1702",1
"2318","SWR-2003-1703",1
"2319","SWR-2003-1714",1
"2320","SWR-2003-1716",1
"2321","SWR-2003-1717",1
"2322","SWR-2003-1748",1
"2323","SWR-2003-1894",1
"2324","SWR-2003-1972",1
"2325","SWR-2003-1973",1
"2326","SWR-2003-1991",1
"2327","SWR-2003-2253",1
"2328","SWR-2003-2255",1
"2329","SWR-2003-2258",1
"2330","SWR-2003-2259",1
"2331","SWR-2003-2262",1
"2332","SWR-2003-2263",1
"2333","SWR-2003-2299",1
"2334","SWR-2003-2353",1
"2335","SWR-2003-2387",1
"2336","SWR-2003-2390",1
"2337","SWR-2004-1524",1
"2338","SWR-2004-2155",1
"2339","SWR-2004-2156",1
"2340","SWR-2004-2182",1
"2341","SWR-2004-2219",1
"2342","SWR-2004-2235",1
"2343","SWR-2004-2251",1
"2344","SWR-2004-2274",1
"2345","SWR-2004-2427",1
"2346","SWR-2004-2459",1
"2347","SWR-2004-2462",1
"2348","SWR-2004-2474",1
"2349","SWR-2004-2479",1
"2350","SWR-2004-2481",1
"2351","SWR-2004-2506",1
"2352","SWR-2004-516",1
"2353","SWR-2004-554",1
"2354","SWR-2004-572",1
"2355","SWR-2004-656",1
"2356","SWR-2004-780",1
"2357","SWR-2004-823",1
"2358","SWR-2004-859",1
"2359","SWR-2005-122",1
"2360","SWR-2005-312",1
"2361","SWR-2005-314",1
"2362","SWR-2005-3496",1
"2363","SWR-2005-4058",1
"2364","SWR-2005-4402",1
"2365","SWR-2005-4632",1
"2366","SWR-2005-5178",1
"2367","SWR-2005-5179",1
"2368","SWR-2005-5280",1
"2369","SWR-2005-5408",1
"2370","SWR-2005-5720",1
"2371","SWR-2005-5876",1
"2372","SWR-2005-6122",1
"2373","SWR-2005-6294",1
"2374","SWR-2005-6535",1
"2375","SWR-2005-6583",1
"2376","SWR-2005-6595",1
"2377","SWR-2005-7147",1
"2378","SWR-2005-7152",1
"2379","SWR-2005-7170",1
"2380","SWR-2005-7218",1
"2381","SWR-2005-7226",1
"2382","SWR-2005-7293",1
"2383","SWR-2005-7314",1
"2384","SWR-2005-7369",1
"2385","SWR-2005-7370",1
"2386","SWR-2005-7418",1
"2387","SWR-2005-7420",2
"2388","SWR-2005-7461",1
"2389","SWR-2005-7471",1
"2390","SWR-2006-1040",1
"2391","SWR-2006-1377",1
"2392","SWR-2006-1620",1
"2393","SWR-2006-1804",1
"2394","SWR-2006-2123",1
"2395","SWR-2006-226",1
"2396","SWR-2006-2592",1
"2397","SWR-2006-3464",1
"2398","SWR-2006-3548",1
"2399","SWR-2006-363",2
"2400","SWR-2006-3996",2
"2401","SWR-2006-4022",1
"2402","SWR-2006-4099",1
"2403","SWR-2006-4188",1
"2404","SWR-2006-4190",1
"2405","SWR-2006-4287",1
"2406","SWR-2006-458",1
"2407","SWR-2006-4646",1
"2408","SWR-2006-4749",1
"2409","SWR-2006-4786",2
"2410","SWR-2006-4974",1
"2411","SWR-2006-5383",1
"2412","SWR-2006-5440",1
"2413","SWR-2006-5501",2
"2414","SWR-2006-5595",2
"2415","SWR-2006-5669",1
"2416","SWR-2006-5824",1
"2417","SWR-2006-6014",1
"2418","SWR-2006-624",1
"2419","SWR-2006-6466",2
"2420","SWR-2006-6487",2
"2421","SWR-2006-6533",1
"2422","SWR-2006-6898",1
"2423","SWR-2006-7272",1
"2424","SWR-2006-7297",1
"2425","SWR-2006-7316",1
"2426","SWR-2006-7392",1
"2427","SWR-2006-7394",1
"2428","SWR-2006-7398",1
"2429","SWR-2006-7399",1
"2430","SWR-2006-7504",1
"2431","SWR-2006-7528",1
"2432","SWR-2006-7530",1
"2433","SWR-2006-7562",1
"2434","SWR-2007-1227",1
"2435","SWR-2007-1232",1
"2436","SWR-2007-1356",1
"2437","SWR-2007-1420",1
"2438","SWR-2007-2139",1
"2439","SWR-2007-2159",2
"2440","SWR-2007-2169",1
"2441","SWR-2007-2302",1
"2442","SWR-2007-2878",1
"2443","SWR-2007-2879",1
"2444","SWR-2007-3050",1
"2445","SWR-2007-3257",1
"2446","SWR-2007-3429",1
"2447","SWR-2007-4655",1
"2448","SWR-2007-4898",1
"2449","SWR-2007-4989",1
"2450","SWR-2007-5277",2
"2451","SWR-2007-5512",2
"2452","SWR-2007-5802",1
"2453","SWR-2007-5904",1
"2454","SWR-2007-6099",1
"2455","SWR-2007-6512",1
"2456","SWR-2007-6640",1
"2457","SWR-2007-6820",1
"2458","SWR-2007-7542",1
"2459","SWR-2007-7543",1
"2460","SWR-2007-7793",1
"2461","SWR-2007-8128",1
"2462","SWR-2007-8320",1
"2463","SWR-2007-891",1
"2464","SWR-2007-8982",1
"2465","SWR-2007-8985",1
"2466","SWR-2007-9068",1
"2467","SWR-2007-9107",1
"2468","SWR-2007-9110",1
"2469","SWR-2007-9111",1
"2470","SWR-2007-9189",1
"2471","SWR-2007-9255",1
"2472","SWR-2008-1096",1
"2473","SWR-2008-1830",1
"2474","SWR-2008-2008",2
"2475","SWR-2008-2092",1
"2476","SWR-2008-2122",2
"2477","SWR-2008-2123",2
"2478","SWR-2008-2283",1
"2479","SWR-2008-2368",1
"2480","SWR-2008-2713",2
"2481","SWR-2008-2868",1
"2482","SWR-2008-2876",1
"2483","SWR-2008-3049",1
"2484","SWR-2008-3050",1
"2485","SWR-2008-3796",1
"2486","SWR-2008-396",2
"2487","SWR-2008-4273",1
"2488","SWR-2008-4399",1
"2489","SWR-2008-4445",2
"2490","SWR-2008-4554",1
"2491","SWR-2008-4697",1
"2492","SWR-2008-474",2
"2493","SWR-2008-5044",1
"2494","SWR-2008-5351",2
"2495","SWR-2008-5384",1
"2496","SWR-2008-5643",1
"2497","SWR-2008-6113",2
"2498","SWR-2008-6655",2
"2499","SWR-2008-7782",1
"2500","SWR-2008-7997",1
"2501","SWR-2008-8010",1
"2502","SWR-2008-8036",1
"2503","SWR-2008-8696",2
"2504","SWR-2008-880",1
"2505","SWR-2008-9020",1
"2506","SWR-2008-9022",1
"2507","SWR-2008-9048",2
"2508","SWR-2008-9052",1
"2509","SWR-2008-9103",1
"2510","SWR-2008-9168",1
"2511","SWR-2008-9175",1
"2512","SWR-2009-1063",1
"2513","SWR-2009-1239",1
"2514","SWR-2009-1462",1
"2515","SWR-2009-1498",1
"2516","SWR-2009-1707",2
"2517","SWR-2009-173",1
"2518","SWR-2009-1912",2
"2519","SWR-2009-1918",1
"2520","SWR-2009-1998",2
"2521","SWR-2009-2261",1
"2522","SWR-2009-2262",1
"2523","SWR-2009-2486",1
"2524","SWR-2009-2609",1
"2525","SWR-2009-2755",1
"2526","SWR-2009-3082",1
"2527","SWR-2009-3163",1
"2528","SWR-2009-3274",1
"2529","SWR-2009-364",1
"2530","SWR-2009-383",1
"2531","SWR-2009-4191",1
"2532","SWR-2009-4279",2
"2533","SWR-2009-4368",1
"2534","SWR-2009-4385",1
"2535","SWR-2009-4517",1
"2536","SWR-2009-4519",1
"2537","SWR-2009-4551",1
"2538","SWR-2009-4754",1
"2539","SWR-2009-4869",1
"2540","SWR-2009-5193",1
"2541","SWR-2009-5654",1
"2542","SWR-2009-6267",1
"2543","SWR-2009-6533",2
"2544","SWR-2009-6591",1
"2545","SWR-2009-6598",1
"2546","SWR-2009-7045",1
"2547","SWR-2009-7151",1
"2548","SWR-2009-7231",1
"2549","SWR-2009-7235",1
"2550","SWR-2009-7471",1
"2551","SWR-2009-7487",1
"2552","SWR-2009-7497",1
"2553","SWR-2009-7499",1
"2554","SWR-2009-7531",2
"2555","SWR-2009-7581",2
"2556","SWR-2009-833",1
"2557","SWR-2009-861",1
"2558","SWR-2009-90",1
"2559","SWR-2010-1038",1
"2560","SWR-2010-1059",2
"2561","SWR-2010-1124",1
"2562","SWR-2010-1249",1
"2563","SWR-2010-1250",1
"2564","SWR-2010-1499",1
"2565","SWR-2010-1633",1
"2566","SWR-2010-1856",1
"2567","SWR-2010-2047",1
"2568","SWR-2010-2146",2
"2569","SWR-2010-2234",1
"2570","SWR-2010-2453",1
"2571","SWR-2010-3037",1
"2572","SWR-2010-3066",1
"2573","SWR-2010-3097",1
"2574","SWR-2010-3112",1
"2575","SWR-2010-3328",1
"2576","SWR-2010-4209",1
"2577","SWR-2010-4629",1
"2578","SWR-2010-4827",2
"2579","SWR-2010-4855",1
"2580","SWR-2010-492",1
"2581","SWR-2010-5354",1
"2582","SWR-2010-5434",1
"2583","SWR-2010-550",1
"2584","SWR-2010-5717",2
"2585","SWR-2010-583",1
"2586","SWR-2010-6140",2
"2587","SWR-2010-6179",1
"2588","SWR-2010-6192",1
"2589","SWR-2010-6445",1
"2590","SWR-2010-6484",1
"2591","SWR-2010-6485",2
"2592","SWR-2010-6486",1
"2593","SWR-2010-6495",2
"2594","SWR-2010-6567",2
"2595","SWR-2010-6575",1
"2596","SWR-2010-790",1
"2597","SWR-2010-813",1
"2598","SWR-2011-1004",1
"2599","SWR-2011-1137",2
"2600","SWR-2011-1511",2
"2601","SWR-2011-1740",1
"2602","SWR-2011-1781",1
"2603","SWR-2011-2138",1
"2604","SWR-2011-2618",1
"2605","SWR-2011-3274",2
"2606","SWR-2011-3483",1
"2607","SWR-2011-3503",2
"2608","SWR-2011-351",1
"2609","SWR-2011-3897",1
"2610","SWR-2011-3987",1
"2611","SWR-2011-447",1
"2612","SWR-2011-4995",1
"2613","SWR-2011-5093",2
"2614","SWR-2011-5327",1
"2615","SWR-2011-5589",1
"2616","SWR-2011-5794",2
"2617","SWR-2011-5814",2
"2618","SWR-2011-5965",1
"2619","SWR-2011-6217",1
"2620","SWR-2011-6233",1
"2621","SWR-2011-628",1
"2622","SWR-2011-6430",1
"2623","SWR-2011-6470",1
"2624","SWR-2011-648",1
"2625","SWR-2011-702",2
"2626","SWR-2011-713",2
"2627","SWR-2012-1069",1
"2628","SWR-2012-151",2
"2629","SWR-2012-152",2
"2630","SWR-2012-2017",1
"2631","SWR-2012-2029",1
"2632","SWR-2012-2084",1
"2633","SWR-2012-2129",2
"2634","SWR-2012-238",2
"2635","SWR-2012-2695",2
"2636","SWR-2012-2699",2
"2637","SWR-2012-52",2
"2638","SWR-2013-9608",1
